domain,stratum,Accessed,dp9,banner_present,banner_type,cms_cmp_vendor,language_detected,accept_all_first_layer,reject_all_first_layer,manage_first_layer,close_button_present,clicks_accept_all,clicks_reject_all,delta_clicks,steps_reject_description,reject_success,dp1_flag,dp1_reason,dp2_flag,has_toggle_analytics,has_toggle_ads,default_on_analytics,default_on_ads,dp3_flag,dp4_flag,dp5_flag,dp6_flag,dp7_flag,dp8_flag,dp8_del_req,dp3_flag_adv / dp11,notes,dp10,dp12,
opm.go.th,GOV,ok,,0,,,,,,,,,,,,,,,,,,,,1,,,,,,,1,Google Ads,0,0,
mdes.go.th,GOV,ok,,1,bottom popup,own,th,1,0,1,1,1,0,,2,0,1,"no_reject_in_first_layer, reject_in_manage",1,0,0,0,0,1,1,0,0,1,0,,1,ขึ้นซ้ำหลัง reload ,0,0,
moph.go.th,GOV,ok,,0,,,,,,,,,,,,,,,,,,,,1,,,,,0,https://moph.go.th/web_policy,1,CF + FB + Google Ads,0,0,
mof.go.th,GOV,ok,,1,bottom popup,own,th,1,0,1,1,1,0,,2,0,1,"no_reject_in_first_layer, reject_in_manage",0,0,0,0,0,1,1,0,0,0,0,,0,"ไม่ฝัง GA, Ads จริงๆ",0,0,
mfa.go.th,GOV,ok,,1,Middle popup,own,th,1,1,1,1,1,1,,1,0,0,,0,1,1,1,1,1,0,0,0,1,0,,0,Google Analytics ทำงานหลังจาก Consent,0,0,
moi.go.th,GOV,ok,,0,,,,,,,,,,,,,,,,,,,,1,,,,,0,,0,Google Ads + Truehits + GMPG + W,0,0,
moc.go.th,GOV,ok,,1,bottom popup,own,th,1,0,0,0,1,0,,,0,0,no_reject_in_first_layer,1,0,0,0,0,1,1,0,0,1,1,,1,GA (หลาย ID),0,0,
mot.go.th,GOV,ok,,1,bottom popup,own,th,1,1,0,1,1,1,,,0,0,,0,0,0,0,0,1,0,0,1,1,1,,1,Google Ads,0,1,
moac.go.th,GOV,ok,1,1,bottom popup,own,th,1,0,0,0,1,0,,,0,1,no_reject_in_first_layer,1,0,0,0,1,1,1,0,1,1,0,,1,FB + Google Ads,0,0,
moe.go.th,GOV,ok,1,1,Middle popup,own,En,1,1,1,1,1,1,,1,1,0,,0,1,1,1,0,0,1,0,0,1,1,,1,Google Ads,1,1,
m-society.go.th,GOV,ok,0,1,Middle popup,own,th,1,1,0,0,1,1,,1,0,0,,1,0,0,0,0,1,1,0,1,1,0,https://www.m-society.go.th/news_view.php?nid=30302,1,Rejected ก็ยังขึ้น,0,1,
moj.go.th,GOV,ok,0,1,bottom popup,Own,th,1,0,0,0,1,0,,,,1,no_reject_in_first_layer,0,0,0,0,0,0,1,0,1,1,0,https://www.moj.go.th/files/moj/20180620104257_99797.pdf,1,"GA + Google Ads, ในประกาศบอกมีปุ่มปฏิเส แต่จริงแล้วไม่มี",0,1,
mnre.go.th,GOV,ok,1,0,,,,,,,,,,,,,,,,,,,,,,,,,0,https://www.mnre.go.th/th/policy/content/3464,1,FB + GA + Google Ads,0,0,
industry.go.th,GOV,ok,1,1,bottom popup,Own,Th,1,0,0,0,1,0,,,,1,no_reject_in_first_layer,1,0,0,0,0,1,1,0,1,1,0,https://www.industry.go.th/th/cookie-policy,1,FB + GA + Google Ads,0,1,
m-culture.go.th,GOV,ok,1,1,bottom popup,Own,th,1,1,1,0,1,1,,1,0,0,,0,1,1,0,0,0,1,0,0,1,0,https://www.m-culture.go.th/web-upload/1xff0d34e409a13ef56eea54c52a291126/202301/m_document/683/11383/file_download/365885875d737fa4edfb20a4b7f981ac.pdf,,"Rejected ก็ยังขึ้น, Google Ads",0,0,
labour.go.th,GOV,ok,1,0,,,,,,,,,,,,,,,,,,,,,,,,1,0,https://eservice.labour.go.th/documents/pdpa/dlpw_consent1.pdf,1,GA,0,0,
rd.go.th,GOV,ok,1,1,bottom popup,Own,Th,1,0,0,0,1,0,,,0,1,no_reject_in_first_layer,1,0,0,0,0,1,1,0,0,1,0,https://rd.go.th/63576.html,1,GA,0,0,
customs.go.th,GOV,ok,0,1,bottom popup,Own,th,1,1,0,1,1,1,,1,0,0,,1,0,0,0,0,1,0,0,1,1,0,https://www.customs.go.th/cont_strc_simple.php?ini_content=general_content_220602_01_220602_01,1,Hitstats + GA,0,0,
excise.go.th,GOV,ok,1,1,bottom-right popup,Own,Th,1,1,0,0,1,1,,1,0,0,,0,0,0,0,0,1,1,0,0,1,0,https://www.excise.go.th/cs/groups/public/documents/document/dwnt/ndi0/~edisp/uatucm424357.pdf,1,GA,0,0,
dlt.go.th,GOV,ok,1,0,,,,,,,,,,,,,,,,,,,,,,,,,0,https://pdpa.dlt.go.th/,1,FB + GA,0,0,
dopa.go.th,GOV,ok,1,1,bottom popup,Own,Th,1,0,0,1,1,0,,0,0,0,no_reject_in_first_layer,0,0,0,0,0,0,0,0,0,0,0,https://www.dopa.go.th/main/privacy_policy,0,Hitstats,0,0,
dbd.go.th,GOV,ok,1,0,bottom popup,Own,Th,1,0,1,0,1,0,,0,1,1,"no_reject_in_first_layer, reject_in_manage",1,0,0,0,0,1,1,0,1,1,0,https://www.dbd.go.th/download/document_file/pdpa/dbd_pdpa_policy.pdf,1,GA,0,1,
dsi.go.th,GOV,ok,1,1,bottom popup,Own,Th,1,0,0,0,1,0,,0,1,1,"no_reject_in_first_layer, reject_in_manage",1,0,0,0,0,1,0,0,0,1,0,https://www.dsi.go.th/th/Detail/Terms-of-Use-for-DSI-Website,1,GA,0,1,
prd.go.th,GOV,ok,1,1,bottom popup,Own,Th,1,0,0,0,1,0,,0,0,1,no_reject_in_first_layer,0,0,0,0,0,1,1,0,1,1,0,https://www.prd.go.th/th/content/category/detail/id/67/iid/285,1,GA,0,1,
ocsc.go.th,GOV,ok,1,0,,,,,,,,,,,,,,,,,,,,,,0,1,1,0,https://www.ocsc.go.th/cookies-policy/,,CF + GA,0,1,
parliament.go.th,GOV,ok,1,1,bottom popup,Own,Th,1,0,0,0,1,0,,0,0,1,no_reject_in_first_layer,0,0,0,0,0,1,1,0,0,1,0,https://www.parliament.go.th/view/7/นโยบายการคุ้มครองข้อมูลส่วนตัว/TH-TH,,Sharethis + Statcount + Google Ads,0,1,
senate.go.th,GOV,ok,0,1,bottom popup,Own,Th,1,0,1,0,1,0,,2,0,1,"no_reject_in_first_layer, reject_in_manage",1,1,1,0,0,0,1,0,0,1,0,https://www.senate.go.th/assets/portals/1/files/Notic/noticePDPA.pdf,,,0,1,
nacc.go.th,GOV,ok,1,1,bottom-right popup,Own,Th,1,1,0,0,1,0,,0,0,0,,0,0,0,0,0,0,0,0,1,1,0,https://www.nacc.go.th/security-policy/%E0%B8%9B%E0%B8%A3%E0%B8%B0%E0%B8%81%E0%B8%B2%E0%B8%A8%E0%B8%AA%E0%B8%B3%E0%B8%99%E0%B8%B1%E0%B8%81%E0%B8%87%E0%B8%B2%E0%B8%99%20%E0%B8%99%E0%B9%82%E0%B8%A2%E0%B8%9A%E0%B8%B2%E0%B8%A2%E0%B8%81%E0%B8%B2%E0%B8%A3%E0%B9%83%E0%B8%8A%E0%B9%89%E0%B8%87%E0%B8%B2%E0%B8%99%E0%B8%84%E0%B8%B8%E0%B8%81%E0%B8%81%E0%B8%B5%E0%B9%89.pdf?csrt=3509941605490155618,1,GA + Google Ads,0,1,
nbtc.go.th,GOV,ok,1,0,Left-bottom button,PDPC Thailand,En,0,0,1,0,0,0,,2,0,1,"no_reject_in_first_layer, reject_in_manage",0,1,1,0,0,0,1,0,1,1,0,https://nbtc.go.th/Special-Page/privacypolicy.aspx?lang=th-TH&lang=th-TH,1,CF + GA + Google Ads,1,1,
etda.or.th,GOV,ok,1,1,bottom popup,Own,Th,1,0,1,0,1,0,,2,0,1,"no_reject_in_first_layer, reject_in_manage",0,1,1,0,0,1,1,0,0,1,0,https://www.etda.or.th/th/PrivacyCenter/Privacy-Protection.aspx,1,CF + GA,0,0,
depa.or.th,GOV,ok,1,1,bottom popup,Own,Th,1,0,1,0,1,0,,2,0,1,"no_reject_in_first_layer, reject_in_manage",0,1,1,0,0,1,1,0,0,1,1,,1,MS + CF + GA + Hitstats ,0,0,
dga.or.th,GOV,ok,1,1,bottom popup,Own,Th,1,0,1,0,1,0,,2,0,1,"no_reject_in_first_layer, reject_in_manage",0,1,1,0,0,1,1,0,0,1,1,https://www.dga.or.th/privacy-policy-3/,1,FB+GA,0,0,
tmd.go.th,GOV,ok,1,1,bottom popup,Own,Th,1,0,1,0,1,0,,2,0,1,"no_reject_in_first_layer, reject_in_manage",0,1,1,1,1,1,1,0,0,1,0,https://tmd.go.th/content/policy,1,GA,0,1,
nso.go.th,GOV,ok,1,1,bottom popup,Own,En,1,0,1,0,1,0,,2,1,1,"no_reject_in_first_layer, reject_in_manage",1,1,1,0,0,0,0,0,0,1,1,https://www.nso.go.th/nsoweb/main/privacy_policy?set_lang=en#gsc.tab=0,1,"Agent-newrelic.com, ยังไม่ทันกดย่อตัวไปเป็นปุ่มขวาล่าง",1,0,
ddpm.go.th,GOV,เข้าไม่ได้,,,,,,,,,,,,,,,,,,,,,,,,,,,1,https://www.doeb.go.th/th/cookie-policy,1,FB + GA,1,0,
doeb.go.th,GOV,ok,1,0,,,,,,,,,,,,,,,,,,,,,,,,,,,,,,,
doae.go.th,GOV,ok,0,0,Left-bottom button,Own,th,0,0,1,0,1,0,,2,0,1,"no_reject_in_first_layer, reject_in_manage",1,1,1,0,0,0,0,0,0,1,0,https://www.doae.go.th/พระราชบัญญัติคุ้มครองข/,,FB + GA,0,0,
dld.go.th,GOV,ok,1,1,bottom popup,Own,th,1,1,1,0,1,0,,3,1,0,,0,1,1,0,0,0,0,0,0,1,0,https://dld.go.th/webnew/index.php/about-dld/strategic/policy/nyobay-dan-thekhnoloyi-sarsnthes-laea-kar-suxsar/nyobay-kar-chi-khukki-khxng-krm-psusatw,1,FB + GA + AddToThis,0,1,
fisheries.go.th,GOV,ok,1,1,bottom popup,Own,Th,1,0,1,1,1,0,,2,0,1,"no_reject_in_first_layer, reject_in_manage",0,1,1,0,0,0,1,0,0,1,0,https://www4.fisheries.go.th/dof/activity_item/4229,1,GA + Google Ads,0,1,
opdc.go.th,GOV,ok,1,1,bottom popup,Own,Th,1,0,1,1,1,0,,2,0,1,"no_reject_in_first_layer, reject_in_manage",0,1,1,0,0,0,1,0,0,1,0,https://www.opdc.go.th/about/pdpa/privacy-policy/,1,Google Ads + Hitwebcounter + Turehits + GA,0,0,
boi.go.th,GOV,ok,1,0,Left-bottom button,PDPC Thailand,en,0,0,1,0,1,0,,2,0,1,"no_reject_in_first_layer, reject_in_manage",1,1,1,0,0,0,0,0,0,1,1,,1,FB + GA,0,0,
ratchakitcha.soc.go.th,GOV,ok,1,0,,,,,,,,,,,,,,,,,,,,,,,,,0,,1,,0,0,
oic.or.th,GOV,ok,1,1,bottom popup,Own,Th,1,0,1,0,1,0,,2,0,1,"no_reject_in_first_layer, reject_in_manage",0,1,0,1,0,1,1,0,0,1,0,https://www.oic.or.th/th/privacy-policy,1,Datatable + GA + Jigsaw + Google Ads + CF,0,0,
moph.go.th,GOV,ok,1,0,,,,,,,,,,,,,,,,,,,,,,,,,0,,1,,0,0,
ddc.moph.go.th,GOV,ok,1,1,bottom popup,Own,Th,1,0,0,0,0,0,,0,0,1,"no_reject_in_first_layer, reject_in_manage",0,0,0,0,0,0,1,0,0,1,1,https://ddc.moph.go.th/policy.html,1,Google Ads + Guestcounter + CF,0,1,
dtam.moph.go.th,GOV,ok,1,0,,,,,,,,,,,,,,,,,,,,,,,,,,,1,FB + Google Ads,,,
dmsc.moph.go.th,GOV,ok,0,1,bottom popup,Own,Th,1,0,0,1,1,0,,0,0,1,no_reject_in_first_laye,0,0,0,0,0,0,1,0,0,1,1,https://www.dmsc.moph.go.th/th/detailAll/141/plc/0,1,GA + Google Ads + Others,0,0,
hss.moph.go.th,GOV,ok,1,0,bottom popup,Own,Th,1,0,0,0,1,0,,0,0,1,no_reject_in_first_layer,0,0,0,0,0,1,1,0,0,0,0,https://hss.moph.go.th/privacy_policy.php,0,"ไม่ฝัง GA, Ads จริงๆ",0,0,
anamai.moph.go.th,GOV,ok,1,0,,,,,,,,,,,,,,,,,,,,,,,,,0,https://anamai.moph.go.th/th/privacy-policy,,GA + Google Ads,0,0,
fda.moph.go.th,GOV,ok,1,0,Left-bottom button,PDPC Thailand,En,0,0,1,0,0,0,,2,0,1,"no_reject_in_first_layer, reject_in_manage",0,1,1,0,0,0,1,0,0,1,0,https://www.fda.moph.go.th/privacy-policy,,,0,0,
chula.ac.th,EDU,ok,1,1,bottom popup,Own,Th,1,0,1,0,1,0,,2,1,1,"no_reject_in_first_layer, reject_in_manage",0,1,1,0,0,0,1,1,0,0,0,https://www.chula.ac.th/about/overview/personal-data-protection-policy/,0,"GA + Google Ads + Hotjars, ปิดได้จริง **** แต่ Hotjars โหลดมาเลย",0,0,
mahidol.ac.th,EDU,ok,0,1,bottom popup,Own,Th,1,0,1,0,1,0,,2,1,1,"no_reject_in_first_layer, reject_in_manage",0,1,1,0,0,0,1,1,0,0,1,,0,"GA + Google Ads, ปิดได้จริง ****",0,0,
ku.ac.th,EDU,ok,0,1,bottom popup,Own,Th,1,0,1,0,1,0,,2,1,1,"no_reject_in_first_layer, reject_in_manage",0,1,1,0,0,0,1,1,0,1,0,https://www.ku.ac.th/th/cookies,0,MS + FB + Google Ads ปิดได้จริง *** แต่ไม่ยอมให้ปฏิเสธ,0,1,
tu.ac.th,EDU,ok,0,1,Left-bottom button,Onetrust,En,0,0,1,0,0,0,,2,0,1,"no_reject_in_first_layer, reject_in_manage",1,1,1,0,0,0,0,0,0,1,1,https://tu.ac.th/pdpa/,1,"CF + GA, ปุ่มซ่อน",0,1,
cmu.ac.th,EDU,ok,0,0,,,,,,,,,,,,,,,,,,,,,,,,,,,1,Youtube + Google Ads,0,0,
kku.ac.th,EDU,ok,0,1,bottom popup,Own,th,1,0,1,1,1,0,,3,0,1,"no_reject_in_first_layer, reject_in_manage",0,1,0,1,0,1,1,0,0,1,1,,1,Mpg + Google Ads,0,1,
psu.ac.th,EDU,ok,0,1,bottom popup,Own,th,1,0,1,1,1,0,,3,0,1,"no_reject_in_first_layer, reject_in_manage",0,1,0,1,0,1,1,0,0,1,0,https://www.kmitl.ac.th/cookies-policy,1,AddToAny + Google Ads,0,1,
kmitl.ac.th,EDU,ok,0,1,bottom popup,Own,th,1,0,0,1,1,0,,0,0,1,"no_reject_in_first_layer, reject_in_manage",0,1,0,1,0,1,1,0,0,1,0,https://www.kmitl.ac.th/cookies-policy,1,CF + Google Ads,0,1,
kmutt.ac.th,EDU,ok,0,1,Left-bottom button,PDPC Thailand,en,0,0,1,0,1,0,,2,0,1,"no_reject_in_first_layer, reject_in_manage",1,1,1,0,0,0,0,0,0,1,0,https://www.kmutt.ac.th/privacy/,1,FB + Google Ads,0,0,
kmutnb.ac.th,EDU,ok,0,0,,,,,,,,,,,,,,,,,,,,,,,,,1,,,Google Ads,0,0,
su.ac.th,EDU,ok,0,1,bottom popup,Own,Th,1,1,0,0,1,1,,0,1,0,,0,0,0,0,0,0,1,0,0,0,0,https://su.ac.th/suweb/th/cookie,0,GA,0,0,
swu.ac.th,EDU,ok,0,1,bottom popup,Own,Th,1,0,0,0,1,0,,0,0,0,,0,0,0,0,0,0,1,0,0,1,1,https://www.swu.ac.th/cookies/,1,GA,0,0,
nida.ac.th,EDU,ok,0,1,bottom popup,Own,th,1,1,0,0,1,1,,0,1,0,,0,0,0,0,0,0,1,0,1,0,1,https://nida.ac.th/policy/personal-data-protection-policy/,1,GA + Others,0,0,
burapha.ac.th,EDU,ok,0,0,bottom popup,Own,th,,,,,,,,,,,,1,,,,,,,,,,0,https://pdpa.nu.ac.th/,1,GA + Google Ads + Others,0,0,
nu.ac.th,EDU,ok,0,1,bottom popup,Own,th,1,1,1,1,1,1,,3,0,0,,1,1,0,1,0,1,1,0,,1,1,,1,GA + Google Ads + Others ซ่อนด้านล่าง,0,0,
wu.ac.th,EDU,ok,1,1,bottom popup,Own,th,,,,,,,,,,,,,,,,,,,,,,1,,1,FB + Google Ads + Hotjar,0,0,
mju.ac.th,EDU,ok,1,0,,,,,,,,,,,,,,,,,,,,,0,0,0,1,1,,1,GA + Google Ads,0,0,
msu.ac.th,EDU,ok,0,1,Left-bottom button,PDPC Thailand,en,0,0,1,0,1,0,,2,0,1,"no_reject_in_first_layer, reject_in_manage",0,1,1,0,0,1,1,0,1,1,1,,1,FB + GA + Google Ads,0,1,
ubu.ac.th,EDU,ok,1,0,bottom popup,Own,th,0,0,1,0,1,1,,6,0,1,"no_reject_in_first_layer, reject_in_manage",1,1,0,0,0,0,1,0,1,0,0,https://www.ubu.ac.th/cookies_policy.php,1,"CF + unplug + Google Ads, ต้นเข้าหน้า PDPA ถึงจะขึ้น",0,0,
payap.ac.th,EDU,ok,0,1,bottom-right popup,Own,th,1,0,1,0,1,0,,2,0,1,"no_reject_in_first_layer, reject_in_manage",1,1,0,0,0,0,1,0,1,1,1,,1,GF + Google Ads + Youtube,0,1,
utcc.ac.th,EDU,ok,0,0,bottom popup,Own,th,1,1,1,1,1,1,,0,0,0,,0,1,1,0,0,0,1,0,0,1,1,https://www.utcc.ac.th/cookies-policy/,1,GF + Google Ads + Hubspots,0,1,
tni.ac.th,EDU,ok,0,0,,,,,,,,,,,,,,,,,,,,,,,,0,0,https://tni.ac.th/home/data_privacy_notice,1,Stackpath + GA + Google Ads,0,0,
pim.ac.th,EDU,ok,0,1,bottom popup,Own,th,1,0,0,0,1,0,,0,0,1,"no_reject_in_first_layer, reject_in_manage",0,0,0,0,0,0,1,0,1,1,0,https://www.pim.ac.th/data-privacy-policy,1,PDPA เป็นบริษัท + FB + Google Adds,0,0,
bu.ac.th,EDU,ok,0,0,,,,,,,,,,,,,,,,,,,,,,,,,1,https://www.bu.ac.th/th/cookies,1,FB + Bytedance + Google Ads + GA + Hubspot,0,0,
au.edu,EDU,ok,0,1,bottom popup,Own,th,1,0,0,0,1,0,,0,0,1,"no_reject_in_first_layer, reject_in_manage",0,0,0,0,0,0,1,0,1,1,0,https://www.au.edu/privacy-policy/,1,Google Ads,0,0,
rangsit.edu,EDU,ok,0,0,,,,,,,,,,,,,,,,,,,,,,,,,0,https://pdpa.rsu.ac.th/privacy-notice.html,1,Google Ads,0,0,
dpu.ac.th,EDU,ok,0,1,bottom popup,netka,th,1,1,1,1,1,1,,0,0,0,,0,1,1,0,0,0,1,0,1,1,0,https://www.dpu.ac.th/th/policy/cookies,1,GA + Google Ads + Hotjars + Countersqare +FB,0,0,
stamford.edu,EDU,ok,0,1,Left-bottom button,PDPC Thailand,en,1,0,1,0,1,0,,2,0,1,"no_reject_in_first_layer, reject_in_manage",1,1,1,0,0,0,1,0,0,1,0,https://pdpa.stamford.edu/,1,FB + Bytedance + Google Ads + GA + Hubspot,1,1,
ru.ac.th,EDU,ok,0,1,bottom popup,Own,th,1,0,0,0,1,0,,3,0,1,"no_reject_in_first_layer, reject_in_manage",1,1,0,1,0,1,1,0,1,1,0,https://www.ru.ac.th/th/firstpage/page?view=CookiePolicy,1,FB + เลื่อนไปจนสุดด้านล่างถึงจะเห็น cookie consent,0,0,
mcu.ac.th,EDU,ok,0,1,bottom popup,Own,th,1,0,0,0,1,0,,0,0,1,"no_reject_in_first_layer, reject_in_manage",0,0,0,0,0,0,1,0,1,1,0,https://www.mcu.ac.th/directory_uploads/administrator/file_upload/20220527114110_DDF650B5-4344-4BF8-ABAE-FE785E213412.pdf,1,FB + Wisecode,0,0,
mfu.ac.th,EDU,ok,1,0,bottom popup,Own,th,1,0,0,0,1,1,,0,0,1,no_reject_in_first_layer,0,0,0,0,0,0,1,1,1,1,1,https://pdpa.mfu.ac.th/papa-6240/pdpa-6251.html,1,GA + Google Ads,0,1,
sut.ac.th,EDU,ok,0,1,bottom-right popup,PDPC Thailand,th,1,0,1,0,1,0,,2,0,1,"no_reject_in_first_layer, reject_in_manage",0,0,0,0,0,0,1,0,1,1,1,,1,GA + Google Ads,0,1,
rmutl.ac.th,EDU,ok,0,1,bottom popup,Own,th,1,0,0,0,1,0,,0,0,1,"no_reject_in_first_layer, reject_in_manage",0,0,0,0,0,0,1,0,1,1,0,https://www.rmutl.ac.th/page/cookies_policy,1,FB + Google Ads,0,1,
rmuti.ac.th,EDU,ok,0,1,bottom-right popup,PDPC Thailand,th,1,0,1,0,1,0,,2,0,1,"no_reject_in_first_layer, reject_in_manage",0,0,0,0,0,0,1,0,1,1,1,,1,Google Ads,0,1,
rmutp.ac.th,EDU,ok,0,1,bottom popup,Own,th,1,0,0,0,1,0,,0,0,1,"no_reject_in_first_layer, reject_in_manage",1,0,0,0,0,0,1,0,1,1,1,https://www.rmutp.ac.th/นโยบายคุกกี้/,1,Google Ads,0,1,
rmutk.ac.th,EDU,ok,0,0,,,,,,,,,,,,,,,,,,,,,,,,,1,,1,FB,0,1,
rmutr.ac.th,EDU,ok,0,0,,,,,,,,,,,,,,,,,,,,,,,,,1,,1,FB,0,0,
rmutto.ac.th,EDU,ok,1,0,,,,,,,,,,,,,,,,,,,,,,,,,1,,1,FB,0,0,
http://rmutsb.ac.th/,EDU,ok,0,0,,,,,,,,,,,,,,,,,,,,,,,,,1,,1,FB,0,0,
rmutst.ac.th,EDU,เข้าไม่ได้,0,0,,,,,,,,,,,,,,,,,,,,,,,,,,,,,,,
ssru.ac.th,EDU,ok,0,1,bottom popup,Own,th,0,0,0,0,0,0,,0,0,1,no_reject_in_first_layer,0,0,0,0,0,1,0,0,0,1,0,https://ssru.ac.th/consent-ssru.php,1,Google Ads + Youtube + ไม่มีปุ่มให้เลือกใดๆ บังคับ,0,0,
sdru.ac.th,EDU,เข้าไม่ได้,,,,,,,,,,,,,,,,,,,,,,,,,,,,,1,Google Ads,0,0,
nrru.ac.th,EDU,ok,0,0,,,,,,,,,,,,,,,,,,,,,,,,,,,1,,0,0,
snru.ac.th,EDU,ok,0,0,,,,,,,,,,,,,,,,,,,,,,,,,1,,1,WP,0,0,
nstru.ac.th,EDU,ok,1,0,,,,,,,,,,,,,,,,,,,,,,,,,,,,,,,
pbru.ac.th,EDU,ok,0,0,,,,,,,,,,,,,,,,,,,,,,,,,,,,,0,0,
ubru.ac.th,EDU,ok,0,1,bottom popup,Own,th,0,,,,,,,,,,,,,,,,,,,,,1,https://new.ubru.ac.th/privacy-policy,1,GA + Google Ads + CF,0,1,
yru.ac.th,EDU,ok,0,0,,,,,,,,,,,,,,,,,,,,,,,,,,,,,,,
crru.ac.th,EDU,ok,0,1,bottom popup,Own,th,1,0,1,0,1,0,,3,0,1,"no_reject_in_first_layer, reject_in_manage",0,1,0,1,0,1,1,0,0,0,1,,1,GF,0,0,
lpru.ac.th,EDU,ok,0,1,bottom popup,Own,th,1,1,1,1,1,1,,0,0,0,,1,1,1,0,0,0,1,0,1,1,1,,1,Wisecode + GA + Google Ads,0,1,
scb.co.th,FIN,ok,1,1,Top Bar,Own,th,1,0,0,0,1,0,,0,0,1,no_reject_in_first_layer,0,0,0,0,0,1,1,0,1,0,1,https://www.scb.co.th/th/personal-banking/cookies-policy.html,1,CF + GA + Google Ads + FB,0,0,
scbx.com,FIN,ok,0,1,bottom popup,Own,th,1,0,1,0,1,0,,3,1,1,"no_reject_in_first_layer, reject_in_manage",1,1,0,1,0,1,1,0,1,1,1,https://www.scbx.com/th/privacy-notice/,1,Pixel + WP + Google Ads,0,0,
kasikornbank.com,FIN,ok,0,0,,,,,,,,,,,,,,,,,,,,,,,,,1,https://www.kasikornbank.com/en/privacy-policy/Pages/personal-data-protection.aspx,1,Google Ads + onetrust,0,0,
bangkokbank.com,FIN,ok,0,1,bottom popup,Own,th,1,0,1,0,1,0,,2,1,1,"no_reject_in_first_layer, reject_in_manage",1,1,1,0,0,1,1,0,0,1,1,https://www.bangkokbank.com/en/Cookies-Policy,,FB + Google Ads,0,0,
krungthai.com,FIN,ok,0,1,bottom popup,Own,th,1,0,1,0,1,0,,2,1,1,"no_reject_in_first_layer, reject_in_manage",0,1,1,0,0,0,1,0,0,1,0,https://krungthai.com/th/content/contact-us/disclaimer,1,GA + Google Ads + onetrust + มีปุ่มจัดการในหน้านโยบาย ทำงานได้จริงบางส่วน,0,0,
krungsri.com,FIN,ok,0,1,Center ,Own,th,1,0,1,0,1,0,,2,1,1,"no_reject_in_first_layer, reject_in_manage",0,1,1,0,0,0,1,0,0,1,0,https://krungsri.com/cookies-notice,1,MS + Google Ads,0,0,
ttb.co.th,FIN,ok,0,0,,,,,,,,,,,,,,,,,,,,,,,,,,,,,,,
uob.co.th,FIN,ok,0,1,bottom popup,Own,th,1,1,0,0,1,1,,0,0,0,,1,0,0,0,0,0,1,0,0,1,0,https://www.uob.co.th/investor/privacy/privacy-notice.page#th,1,MS + FB + Google Ads,0,0,
cimbthai.com,FIN,ok,0,0,,,,,,,,,,,,,,,,0,,,,,,,0,1,0,https://www.cimbthai.com/th/personal/cookies-notice.html,1,FB + Bytedance + Google Ads + HLX,0,0,
tisco.co.th,FIN,ok,1,1,bottom popup,Own,th,1,1,0,0,1,1,,0,0,0,,0,0,0,0,0,0,1,0,0,1,0,https://www.tisco.co.th/th/cookies-policy,1,Google Ads,0,0,
kkpfg.com,FIN,ok,0,1,bottom popup,Own,th,1,1,0,0,1,1,,0,0,0,,0,0,0,0,0,0,1,0,0,1,0,https://www.kkpfg.com/th/cookies-policy,1,Google Ads,0,0,
lhbank.co.th,FIN,ok,0,1,bottom popup,Own,th,1,0,1,1,1,0,,2,0,1,"no_reject_in_first_layer, reject_in_manage",0,0,0,0,0,0,1,0,1,1,0,https://www.lhbank.co.th/en/personal-data-protection/,1,MS + FB + ByteDance + GA + Taboola + Google Ads,0,0,
icbcthai.com,FIN,ok,0,1,bottom popup,Own,th,1,0,0,0,1,0,,0,0,0,,0,1,0,0,0,0,1,0,0,0,0,https://www.icbcthai.com/en/page/721858060716113938.html,0,-,0,0,
https://www.sc.com/th-en/,FIN,ok,0,1,Left-bottom button,Onetrust,Th,0,0,1,0,0,0,,2,0,1,"no_reject_in_first_layer, reject_in_manage",1,1,1,0,0,0,0,0,0,1,0,https://www.sc.com/th-en/cookie-policy/,1,GMPG + Google Ads + onetrust,0,0,
thaicreditbank.com,FIN,ok,0,0,,,,,,,,,,,,,,,,,,,,,,,,0,0,https://thaicreditbank.com/th/privacy,0,-,0,0,
baac.or.th,FIN,ok,0,1,bottom popup,Own,th,1,1,1,1,1,1,,0,0,1,no_reject_in_first_layer,1,1,1,0,0,0,0,0,0,1,0,https://www.baac.or.th/th/file-upload/Cookies_Policy.pdf,1,Google Ads,0,1,
gsb.or.th,FIN,ok,1,1,bottom popup,Own,th,1,1,1,0,1,1,,0,0,1,,0,1,1,0,0,0,1,0,0,1,0,https://www.gsb.or.th/other/privacy-notice/,1,FB + Wingly + zooroo + GA + Google Ads,0,0,
exim.go.th,FIN,ok,0,1,Left-bottom button,Onetrust,En,0,0,1,0,0,0,,2,0,1,"no_reject_in_first_layer, reject_in_manage",1,1,1,0,0,0,0,0,0,1,0,https://www.exim.go.th/th/privacypolicy.aspx,1,FB + CF + Google Ads,0,0,
ghbank.co.th,FIN,ok,0,1,bottom popup,Own,th,1,1,1,0,1,0,,2,0,0,,1,1,1,0,0,0,0,0,0,1,0,,1,MS + Google Ads,0,0,
smebank.co.th,FIN,ok,0,1,bottom popup,Own,th,1,1,0,0,1,1,,0,0,0,no_reject_in_first_layer,0,0,0,0,0,0,1,0,1,1,0,https://www.smebank.co.th/cookie-policy,1,GMPG + Google Ads + onetrust + report + FB + WP,0,0,
set.or.th,FIN,ok,0,1,bottom popup,Own,th,1,0,0,0,1,0,,2,0,1,"no_reject_in_first_layer, reject_in_manage",0,0,0,0,0,0,0,0,1,1,0,https://www.set.or.th/th/cookies-policy,1,FB + Pubmatic + Google Ads + GA + Five media + Anymind,0,0,
settrade.com,FIN,ok,0,1,bottom popup,Own,th,1,0,0,0,1,0,,2,0,1,"no_reject_in_first_layer, reject_in_manage",0,0,0,0,0,0,0,0,1,1,0,https://www.set.or.th/th/cookies-policy,1,FB + Pubmatic + Google Ads + GA + Five media + Anymind,0,0,
tfex.co.th,FIN,ok,0,1,bottom popup,Own,th,1,0,0,0,1,0,,2,0,1,"no_reject_in_first_layer, reject_in_manage",0,0,0,0,0,0,0,0,1,1,0,https://www.set.or.th/th/cookies-policy,1,FB ++ Google Ads + truehits,0,0,
aimc.or.th,FIN,ok,0,1,Left-bottom button,Onetrust,Th,0,0,1,0,0,0,,2,0,1,"no_reject_in_first_layer, reject_in_manage",0,1,1,0,0,0,0,0,0,1,0,https://association.aimc.or.th/cookies-policy/,1,GA + Google Ads + Youtube,0,0,
thaibma.or.th,FIN,ok,0,0,,,,,,,,,,,,,,,,,,,,,,,,,,https://www.thaibma.or.th/EN/Rule/Privacy.aspx,1,FB + GA + Google Ads + CF,0,0,
bualuang.co.th,FIN,ok,0,1,bottom popup,Own,th,1,0,0,0,1,0,,2,0,1,"no_reject_in_first_layer, reject_in_manage",0,0,0,0,0,0,0,0,1,1,0,https://www.bualuang.co.th/personal-data-protection-policy,1,Google Ads + CF + FB + Braze + Saleforece,0,0,
phillip.co.th,FIN,ok,1,1,bottom popup,Own,th,1,0,0,0,1,0,,2,0,1,"no_reject_in_first_layer, reject_in_manage",0,0,0,0,0,0,0,0,1,1,0,https://phillip.co.th/th/privacy-policy,1,FB + Google Ads,0,0,
yuanta.co.th,FIN,ok,0,1,bottom popup,Own,th,1,1,1,1,1,1,,0,0,0,,0,1,0,0,0,0,1,0,0,1,0,https://www.yuanta.co.th/cms/uploads/YT_Client_Privacy_Policy_586cda816c.pdf,1,FB + Google Ads,0,0,
http://fnsyrus.com/,FIN,ok,1,,bottom popup,Own,th,0,0,0,0,1,1,,2,0,0,"no_reject_in_first_layer, reject_in_manage",0,1,1,0,0,0,1,1,0,1,0,https://www.fnsyrus.com/mc03/contact-us/policy.aspx,1,FB + Bytedance + Google Ads + GA,0,0,
asiawealth.co.th,FIN,ok,,,bottom popup,Own,th,1,1,1,1,1,1,,0,0,0,,0,1,0,0,0,0,1,0,0,1,0,https://www.innovestx.co.th/Cookies-Notice,1,FB + Bytedance + Google Ads +  GA + Line,0,0,
innovestx.co.th,FIN,ok,,,bottom popup,Own,th,1,1,0,0,1,0,,0,0,1,no_reject_in_first_layer,0,0,0,0,0,0,1,0,0,1,0,https://www.scbam.com/th/cookies-policy,1,GA + Google Ads,0,0,
scbam.com,FIN,ok,1,1,bottom popup,Own,th,1,0,0,0,1,0,,0,0,1,no_reject_in_first_layer,0,0,0,0,0,0,1,0,0,1,0,https://www.scbam.com/th/cookies-policy,1,GA + Google Ads,0,1,
ktam.co.th,FIN,ok,0,1,bottom popup,Own,th,1,0,0,0,1,0,,0,0,1,no_reject_in_first_layer,0,0,0,0,0,0,1,0,0,1,0,https://ktam.co.th/page/th,1,CF,0,0,
bblam.co.th,FIN,ok,0,1,bottom popup,Onetrust,th,1,0,1,1,1,1,,0,1,0,no_reject_in_first_layer,0,1,1,0,0,0,1,0,0,1,0,https://www.bblam.co.th/cookies-policy,,FB + Google Ads + onetrust,0,0,
principal.co.th,FIN,เข้าไม่ได้,,,,,,,,,,,,,,,,,,,,,,,,,,,,,,,,,
eastspring.co.th,FIN,ok,0,1,Left-bottom button,Onetrust,Th,0,0,1,0,0,0,,2,0,1,"no_reject_in_first_layer, reject_in_manage",1,1,1,0,0,0,0,0,0,1,0,https://www.eastspring.co.th/cookies-policy,1,Eastspring + Google Ads + onetrust,0,1,
uobam.co.th,FIN,ok,0,1,Right-bttom popup,own,Th,1,0,0,1,0,0,,0,0,1,no_reject_in_first_layer,0,0,0,0,0,0,1,0,1,1,0,https://www.uobam.co.th/th/policy/cookiepolicy,1,CF + GA + Google Ads,0,1,
aia.co.th,FIN,ok,0,1,bottom popup,Own,th,1,0,0,0,1,0,,0,0,1,no_reject_in_first_layer,0,0,0,0,0,0,1,0,1,1,0,https://www.aia.co.th/th/about-aia/cookie-policy,1,FB + Bytedance + New relic + Google Ads + Dynatrace,0,1,
muangthai.co.th,FIN,ok,0,1,Center ,Own,th,1,0,1,0,1,0,,2,1,1,"no_reject_in_first_layer, reject_in_manage",0,1,1,0,0,0,1,1,1,1,0,https://www.muangthai.co.th/th/cookie-policy-and-setting,1,CF + FB + Bytedance + New relic + Google Ads + GA + Crazy Egg,0,1,
thai-life.com,FIN,เข้าไม่ได้,,,,,,,,,,,,,,,,,,,,,,,,,,,,,1,,,,
krungthai-axa.co.th,FIN,ok,0,1,Left-bottom button,Onetrust,Th,0,0,1,1,1,1,,2,0,1,"no_reject_in_first_layer, reject_in_manage",0,1,1,0,0,0,0,0,0,1,0,,1,Google Ads + GA + Prospect one + Youtube + Line + Prismic + onetrust + ekomi,0,0,
allianz.co.th,FIN,ok,0,1,Top Bar,Own,th,0,0,0,1,0,0,,0,0,1,no_reject_in_first_layer,0,0,0,0,0,1,0,0,1,1,1,https://www.allianz.co.th/th_TH/privacy-notice.html,1,FB + Bytedance + Google Ads + GA + Ahrefs (ไม่มีสักปุ่ม),0,0,
generali.co.th,FIN,ok,0,1,bottom popup,Own,th,1,0,1,0,1,0,,2,0,1,"no_reject_in_first_layer, reject_in_manage",0,1,1,1,1,1,1,0,1,1,0,https://generali.co.th/cookies-policy/,1,Hotjars + Google Ads + Monsido,0,1,
bangkokinsurance.com,FIN,ok,0,1,bottom popup,Own,th,1,0,0,0,0,0,,0,0,1,no_reject_in_first_layer,0,0,0,0,0,0,0,0,1,1,0,https://www.bangkokinsurance.com/privacypolicy,1,MS + FB + ByteDance + Google Ads,0,0,
viriyah.co.th,FIN,ok,1,1,bottom popup,Own,Th,1,0,0,0,1,1,,2,0,1,"no_reject_in_first_layer, reject_in_manage",0,0,0,0,0,0,1,0,1,1,0,https://www.viriyah.co.th/about/Privacy-Policy/,1,FB + Google Ads,0,1,
dhipaya.co.th,FIN,ok,0,1,bottom popup,Onetrust,th,1,0,1,0,1,0,,0,0,1,"no_reject_in_first_layer, reject_in_manage",0,1,1,0,0,1,1,0,0,1,0,https://www.dhipaya.co.th/th/cookies-process-personal,1,CF + salesforce + google ads + onetrust,0,0,
tqm.co.th,FIN,ok,0,1,bottom popup,Own,Th,1,0,0,0,1,0,,0,0,1,no_reject_in_first_layer,0,0,0,0,0,1,1,0,1,1,0,https://www.tqm.co.th/tqm/cookie-policy,1,MS + CF + FB + Byedance + Posthog,0,1,
tipinsure.com,FIN,ok,0,1,bottom popup,Own,Th,0,0,0,0,0,0,,0,0,0,,0,0,0,0,0,0,1,0,0,1,0,https://tipinsure.com/,1,MS + CF + FB + Byedance + Ho jar + Arefs + Google Ads + GA,0,0,
thaiins.com,FIN,เข้าไม่ได้,,,,,,,,,,,,,,,,,,,,,,,,,,,,,,,,,
tli.co.th,FIN,เข้าไม่ได้,,,,,,,,,,,,,,,,,,,,,,,,,,,,,,,,,
bumrungrad.com,HEALTH,ok,0,0,,,,,,,,,,,,,,,,,,,,,,,,1,0,https://www.bumrungrad.com/en/cookies-policy,1,CF + FB + ByteDance + Twitter +taboola + Snap + datadog + Ahrens + google Ads,0,0,
bangkokhospital.com,HEALTH,ok,0,1,bottom popup,Own,Th,1,0,1,0,1,0,,2,0,1,no_reject_in_first_layer,1,1,1,0,0,0,1,0,0,1,0,https://www.bangkokhospital.com/th/page/cookie-policy,1,CF + Google Ads,0,0,
samitivejhospitals.com,HEALTH,ok,0,1,left-bottom popup,Own,Th,0,0,1,0,1,0,,2,0,1,no_reject_in_first_layer,1,1,1,0,0,0,1,0,0,1,0,https://www.samitivejhospitals.com/page/terms-and-conditions,1,MS + GA + Google Ads,0,0,
phyathai.com,HEALTH,ok,0,1,left-bottom popup,Own,Th,0,0,1,0,1,0,,2,0,1,no_reject_in_first_layer,1,1,1,1,0,0,1,0,0,1,0,https://www.phyathai.com/th/page/cookie-policy,1,FB + Twitter + Contentsquare + Google Ads,0,0,
bnhhospital.com,HEALTH,ok,0,1,bottom popup,Own,Th,1,0,1,1,1,0,,2,0,1,"no_reject_in_first_layer, reject_in_manage",1,1,1,1,0,0,1,0,0,1,0,https://www.phyathai.com/th/page/cookie-policy,1,FB + Bytedance + Ahrefs + Google Ads,0,0,
vibhavadi.com,HEALTH,ok,0,1,,,,,,,,,,,,,,,,,,,,,,,,,0,https://www.vibhavadi.com/th/cookie-policy,1,GA + Fastcloud + YouTube + google Ads + CF,0,0,
praram9.com,HEALTH,ok,0,0,,,,,,,,,,,,,,,,,,,,,,,,,0,https://praram9.com/th/about/privacy-policy/patient-th,1,MS + FB + ByteDance + Hubspot + Crazy Egg + Ahrens + Google Ads,0,0,
paolohospital.com,HEALTH,ok,0,1,left-bottom popup,Own,Th,0,0,1,0,1,1,,2,0,1,no_reject_in_first_layer,1,1,1,0,0,0,1,0,0,1,0,https://www.samitivejhospitals.com/page/terms-and-conditions,1,Line + plus-adtech + Google Ads,0,0,
thonburihospital.com,HEALTH,ok,0,1,Left-bottom button,Onetrust,Th,0,0,1,1,1,1,,2,0,1,"no_reject_in_first_layer, reject_in_manage",0,1,1,0,0,0,1,0,0,1,0,https://www.phyathai.com/th/page/cookie-policy,1,FB + Twitter + Contentsquare + Google Ads,0,0,
medparkhospital.com,HEALTH,ok,0,0,Left-bottom button,Onetrust,Th,0,0,0,1,1,1,,2,0,1,"no_reject_in_first_layer, reject_in_manage",0,1,1,0,0,0,1,0,0,1,0,https://www.medparkhospital.com/page/cookie-policy,1,GA + Google Ads + GMPG + Vamtam,0,0,
vejthani.com,HEALTH,ok,0,1,Left-bottom button,Own,Th,1,0,0,0,1,0,,0,0,1,no_reject_in_first_layer,0,0,0,0,0,1,0,0,1,1,0,https://www.vejthani.com/all-privacy-policy/,1,MS + FB + Google Ads + GA,0,0,
rutnin.com,HEALTH,ok,1,1,bottom popup,Own,Th,1,0,1,0,1,0,,2,0,1,"no_reject_in_first_layer, reject_in_manage",0,0,0,0,0,0,1,0,0,1,0,https://www.rutnin.com/en/data-protection-policy/,1,FB + Google Ads,0,1,
yanhee.net,HEALTH,ok,0,0,,,,,,,,,,,,,,,,,,,,,,,,,0,https://www.yanhee.net/about-us/privacy-policy/,1,Google Ads,0,0,
missionhospital.org,HEALTH,เข้าไม่ได้,,,,,,,,,,,,,,,,,,,,,,,,,,,,,,,0,0,
camillianhospital.org,HEALTH,ok,0,1,bottom popup,Own,Th,1,0,0,0,1,0,,0,0,1,no_reject_in_first_layer,0,0,0,0,0,0,0,0,0,1,0,https://camillianhospital.org/en/privacy-policy-pdpa/,1,CF + Google Ads,0,0,
saintlouis.or.th,HEALTH,ok,0,1,bottom popup,Own,Th,1,0,0,0,1,0,,0,0,1,no_reject_in_first_layer,0,0,0,0,0,0,0,0,0,1,0,https://saintlouis.or.th/about-us/details/3/cookie,1,Google Ads,0,0,
sikarin.com,HEALTH,ok,0,1,bottom popup,Own,Th,1,0,1,1,1,0,,0,0,1,no_reject_in_first_layer,0,0,0,0,0,0,0,0,0,1,0,https://saintlouis.or.th/about-us/details/3/cookie,1,Google Ads,0,0,
nakornthon.com,HEALTH,ok,0,1,bottom popup,Own,Th,1,0,1,1,1,0,,2,1,1,no_reject_in_first_layer,0,0,0,0,0,0,0,0,0,0,0,https://www.sikarin.com/privacy-policy-2,0,CF,0,0,
piyavate.com,HEALTH,ok,0,1,Left-bottom button,Onetrust,Th,0,0,1,1,1,1,,2,0,1,"no_reject_in_first_layer, reject_in_manage",0,1,1,0,0,0,1,0,0,1,0,https://piyavate.com/privacy-policy/,1,CF + Google Ads,0,0,
wattanosoth.com,HEALTH,เข้าไม่ได้,,,,,,,,,,,,,,,,,,,,,,,,,,,,,,S,0,0,
bangpakokhospital.com,HEALTH,ok,0,1,Left-bottom button,Onetrust,Th,0,0,1,1,1,1,,2,0,1,"no_reject_in_first_layer, reject_in_manage",0,1,1,0,0,1,1,0,0,1,0,https://bpk9internationalhospital.com/privacy_policy,1,CF + FB + Google Ads +GA + onetrust,0,1,
chularat.com,HEALTH,ok,0,1,Left-bottom button,Onetrust,Th,1,0,0,0,1,0,,0,0,1,no_reject_in_first_layer,0,0,0,0,0,0,1,0,0,1,0,https://www.chularat.com/policy.php,1,CF + FB,0,0,
kasemrad.co.th,HEALTH,ok,1,0,,,,,,,,,,,,,,,,,,,,,,,,,1,,1,ShareThis + Google Ads,0,0,
bch.in.th,HEALTH,ok,0,1,Left-bottom button,Onetrust,Th,1,0,0,0,1,0,,0,0,1,no_reject_in_first_layer,0,0,0,0,0,0,1,0,0,1,0,https://bch.in.th/cookie,1,Google Ads,0,0,
bdms.co.th,HEALTH,ok,0,1,Left-bottom button,Onetrust,Th,1,0,1,0,1,0,,2,1,1,no_reject_in_first_layer,0,1,1,0,0,0,1,0,0,0,0,https://www.bangkokhospital.com/en/page/cookie-policy,1,CF + FB + Google Ads,0,0,
thg.co.th,HEALTH,ok,0,0,,,,,,,,,,,,,,,,,,,,,,,,1,1,,1,Google Ads + GMPG,0,0,
rajavithi.go.th,HEALTH,ok,0,1,Right-bottom button,Onetrust,Th,1,0,0,0,1,0,,0,0,1,no_reject_in_first_layer,0,0,0,0,0,1,1,0,1,1,1,,1,FB + Google Ads,0,1,
sirirajhospital.org,HEALTH,เข้าไม่ได้,,,,,,,,,,,,,,,,,,,,,,,,,,,,,,,0,0,
rama.mahidol.ac.th,HEALTH,ok,,,,,,,,,,,,,,,,,,,,,,,,,,,,,,,0,0,
ramathibodi.mahidol.ac.th,HEALTH,ok,0,1,Right-bottom button,Onetrust,Th,0,0,1,0,1,1,,2,0,1,"no_reject_in_first_layer, reject_in_manage",0,1,1,0,0,0,0,0,1,1,1,,0,Google Ads,0,0,
med.cmu.ac.th,HEALTH,ok,0,0,,,,,,,,,,,,,,,,,,,,,1,0,0,1,0,https://www.med.cmu.ac.th/web/files/2022/05/PDPA_MED.CMU_03v1_cookies-policy_ITs-2565.05.31.pdf,1,FB,0,0,
med.psu.ac.th,HEALTH,เข้าไม่ได้,1,1,bottom popup,Own,Th,1,0,0,1,1,0,,2,0,1,no_reject_in_first_layer,0,0,0,0,0,0,0,0,0,1,0,https://www.psu.ac.th/files/gdpr/GDPR4TH.pdf,1,GA + Google Ads,0,0,
https://md.kku.ac.th/,HEALTH,ok,0,0,,,,,,,,,,,,,,,,,,,,,,,,0,1,,0,-,0,0,
med.tu.ac.th,HEALTH,ok,0,0,,,,,,,,,,,,,,,,,,,,,,,,,1,,0,Google Ads,0,0,
sirirajpiyamaharajkarun.com,HEALTH,ok,0,1,Top popup,Own,Th,1,0,0,0,1,0,,0,0,1,no_reject_in_first_layer,0,0,0,0,0,1,0,0,0,1,0,https://www.siphhospital.com/th/policy,1,CF + FB + Google Ads,0,1,
theptarin.com,HEALTH,ok,1,1,bottom popup,Own,Th,1,0,1,1,1,1,,2,0,1,"no_reject_in_first_layer, reject_in_manage",0,1,1,0,0,0,0,0,0,1,0,https://www.theptarin.com/th/about-us/privacy,1,FB + Google Ads,0,0,
https://www.ram-hosp.co.th/en,HEALTH,ok,0,0,,,,,,,,,,,,,,,,,,,,,,,,1,0,https://www.ram-hosp.co.th/en/pdpa,1,GA + FB,0,0,
bangmodhospital.com,HEALTH,ok,0,0,,,,,,,,,,,,,,,,,,,,,,,,,,,,,0,0,
synphaet.co.th,HEALTH,ok,1,1,bottom popup,Own,Th,1,0,1,1,1,0,,2,0,1,"no_reject_in_first_layer, reject_in_manage",0,1,1,0,0,0,0,0,0,1,0,https://www.synphaet.co.th/cookie-policy/,1,MS + CF + Google Ads,0,0,
thainakarin.co.th,HEALTH,ok,0,0,,,,,,,,,,,,,,,,,,,,,,,,1,0,https://thainakarin.co.th/cookie/,1,CF + Aherfs + Google Ads,0,1,
pharmacycouncil.org,HEALTH,ok,0,1,bottom popup,Own,Th,1,0,1,0,1,0,,2,0,1,"no_reject_in_first_layer, reject_in_manage",0,0,0,0,0,0,0,0,1,1,0,http://pharmacycouncil.org/cookie_policy.php,1,FB + GA + Google Ads,0,0,
https://tmc.or.th/En/,HEALTH,ok,0,0,,,,,,,,,,,,,,,,,,,,,,,,1,1,,1,Stackpath + GA + Google Ads,0,0,
ha.or.th,HEALTH,ok,0,0,,,,,,,,,,,,,,,,,,,,,,,,,,,,,0,0,
hsri.or.th,HEALTH,ok,0,1,bottom popup,Own,Th,1,0,1,0,1,0,,3,0,1,"no_reject_in_first_layer, reject_in_manage",1,1,1,0,0,0,0,0,1,1,1,,1,StatsCounter + Google Ads,0,0,
gpo.or.th,HEALTH,ok,1,1,Right-bottom button,Onetrust,Th,0,0,1,0,1,1,,2,0,1,no_reject_in_first_layer,0,0,0,0,0,0,0,0,1,1,0,https://www.gpo.or.th/privacy-policy,1,Google Ads,0,0,
boots.co.th,HEALTH,ok,0,1,bottom popup,Own,Th,1,0,1,0,1,0,,4,0,1,no_reject_in_first_layer,0,0,0,0,0,0,0,0,1,1,1,,1,FB,0,0,
watsons.co.th,HEALTH,ok,0,0,,,,,,,,,,,,,,,,,,,,,,,,,1,https://www.watsons.co.th/th/privacy-policy,1,Toboola + Akamai + AppFly,0,0,
fascino.co.th,HEALTH,ok,0,1,bottom popup,Own,Th,1,0,0,0,1,0,,0,0,1,no_reject_in_first_layer,0,0,0,0,0,0,0,0,1,1,0,https://www.fascino.co.th/privacy-policy,1,MS + FB + ByteDance + GA + Google Ads,0,0,
hdmall.co.th,HEALTH,ok,0,1,bottom popup,Own,Th,1,0,0,0,1,0,,0,0,1,no_reject_in_first_layer,0,0,0,0,0,1,1,0,0,1,0,https://hdmall.co.th/c/cookies-policy,1,CF + FB + Bytedance + AdRoll + GA + Google Ads + Potshot,0,0,มีปุ่มยอมรับอย่างเดียวไม่มีปิด ไม่มี setting
doctorraksa.com,HEALTH,ok,0,1,bottom popup,Own,Th,1,0,1,1,1,1,,2,0,1,"no_reject_in_first_layer, reject_in_manage",0,1,1,0,0,1,1,0,0,1,0,https://www.doctoranywhere.co.th/privacy-policy,1,FB + GA + Google Ads,0,0,"มีปุ่มยอมรับ ไม่มี Reject, มีปิด + setting + ไม่ default ads + DP3 ปิดไม่หาย"
ais.co.th,TELCO_UTIL,ok,0,0,,,,,,,,,,,,,,,,,,,,,,,,1,0,https://www.ais.th/about-us/terms-and-legal/privacy-notice,1,MS + CF + FB + Byedance + Twitter + Hotter + Google Ads + HLX ,0,0,ไม่ขึ้นอะไรให้เลย
ais.th,TELCO_UTIL,ok,0,0,,,,,,,,,,,,,,,,,,,,,,,,1,0,https://www.ais.th/about-us/terms-and-legal/privacy-notice,1,MS + CF + FB + Byedance + Twitter + Hotter + Google Ads + HLX ,0,0,
dtac.co.th,TELCO_UTIL,ok,0,0,,,,,,,,,,,,,,,,,,,,,,,,1,0,https://www.dtac.co.th/pdpa/,1,FB + Criteo + RTB House + ByteDance + Twitter + Hotja + GA + Google Ads,0,0,
truecorp.co.th,TELCO_UTIL,ok,0,0,,,,,,,,,,,,,,,,,,,,,,,,1,0,https://www.true.th/en/home/privacy-policy,1,,0,0,
trueinternet.co.th,TELCO_UTIL,ok,0,0,,,,,,,,,,,,,,,,,,,,,,,,1,0,https://www.true.th/en/home/privacy-policy,1,,0,0,
truevisions.co.th,TELCO_UTIL,ok,0,0,,,,,,,,,,,,,,,,,,,,,,,,1,0,https://www.true.th/en/home/privacy-policy,1,GA + MS + CF + Hubspot + Google Ads + Hub SPot + onetrust,0,0,
3bb.co.th,TELCO_UTIL,ok,0,1,Left-bottom button,Onetrust,Th,0,0,1,0,1,1,,2,0,1,"no_reject_in_first_layer, reject_in_manage",0,1,1,1,1,1,0,0,0,1,0,https://www.fiber.3bb.co.th/main/about-us/privacy-notice,1,CF + Google Ads + HLX,0,0,ไอคอนซ้าย Default ทั้งหมด + มี reject ในตั้งค่า
ntplc.co.th,TELCO_UTIL,ok,1,1,Right-bottom popup,Own,Th,1,0,0,0,1,0,,0,0,1,no_reject_in_first_layer,0,0,0,0,0,1,1,0,0,1,0,https://ntplc.co.th/policy/cookie_policy,1,Google Ads + Wingly,0,0,
tot.co.th,TELCO_UTIL,เข้าไม่ได้,,,,,,,,,,,,,,,,,,,,,,,,,,,,https://www.inet.co.th/api/v1/pdf/Privacy_Policy/นโยบายการคุ้มครองข้อมูลส่วนบุคคลสำหรับลูกค้าและผู้ใช้บริการ.pdf,1,,0,0,
cattelecom.com,TELCO_UTIL,เข้าไม่ได้,,,,,,,,,,,,,,,,,,,,,,,,,,,,,,,0,0,
inet.co.th,TELCO_UTIL,ok,0,0,,,,,,,,,,,,,,,,,,,,,,,,1,0,,1,,0,0,
sinet.co.th,TELCO_UTIL,เข้าไม่ได้,,,,,,,,,,,,,,,,,,,,,,,,,,,,,,,0,0,
csloxinfo.com,TELCO_UTIL,ok,0,0,,,,,,,,,,,,,,,,,,,,,,,,,1,,1,Postpectone,0,0,
uih.co.th,TELCO_UTIL,ok,0,0,,,,,,,,,,,,,,,,,,,,,,,,,0,https://www.uih.co.th/cookie-policy/,1,GA + Google Ads,0,0,
jasmine.com,TELCO_UTIL,ok,,,bottom popup,ShareInvestor,en,1,0,1,0,1,0,,2,0,1,"no_reject_in_first_layer, reject_in_manage",0,1,1,0,0,1,0,1,0,1,0,https://www.jasmine.com/en/cookie-policy,1,CF + Stackpath + Cookiecdn,0,0,
https://www.samtel.com/,TELCO_UTIL,ok,1,1,bottom popup,Own,Th,1,0,0,0,1,0,,0,0,1,no_reject_in_first_layer,0,0,0,0,0,1,1,0,0,1,0,https://www.samtel.com/privacy-notice/,1,CF + Automatic,0,0,
thaicom.net,TELCO_UTIL,ok,0,0,,,,,,,,,,,,,,,,,,,,,,,,1,0,https://www.thaicom.net/privacy-protection/#1562731571881-58cb7157-c8d6,1,CF + Loatame + 33Across + ComScore + Bombora + Google Ads,0,0,
aisfibre3.com,TELCO_UTIL,ok,0,0,,,,,,,,,,,,,,,,,,,,,,,,0,1,,0,,0,0,
pea.co.th,TELCO_UTIL,ok,1,1,bottom popup,Own,Th,1,0,1,1,1,1,,2,0,1,"no_reject_in_first_layer, reject_in_manage",0,1,0,0,0,0,1,0,0,1,0,https://www.pea.co.th/cookie-policy,1,Akamai + Google Ads,0,1,
mea.or.th,TELCO_UTIL,เข้าไม่ได้,,,,,,,,,,,,,,,,,,,,,,,,,,,,,,,0,0,
egat.co.th,TELCO_UTIL,ok,0,0,bottom popup,Own,Th,0,0,1,0,0,0,,0,0,1,"no_reject_in_first_layer, reject_in_manage",1,0,0,0,0,1,1,0,0,1,,,1,Google Ads + GMPG,0,0,
erc.or.th,TELCO_UTIL,ok,0,1,bottom popup,Own,Th,1,0,1,1,1,1,,2,0,1,"no_reject_in_first_layer, reject_in_manage",0,0,0,0,0,1,1,0,0,1,0,https://erc.or.th/th/cookie-policy,1,GA + CF + Prospect One + Google Ads + Freevisitorcounters + Synergy,0,0,
pwa.co.th,TELCO_UTIL,ok,1,1,bottom popup,Own,Th,1,0,0,0,1,0,,0,0,1,no_reject_in_first_layer,0,0,0,0,0,0,1,0,0,1,0,https://www.pwa.co.th/contents/privacy-policy,0,JWPCdn,0,0,
mwa.co.th,TELCO_UTIL,ok,1,1,bottom popup,Own,Th,1,0,0,0,1,0,,0,0,1,no_reject_in_first_layer,0,0,0,0,0,1,1,0,0,1,0,https://www.mwa.co.th/privacy-policy/,1,Google Ads,0,0,
pttplc.com,TELCO_UTIL,ok,0,0,bottom popup,Own,Th,0,0,1,0,1,1,,2,1,1,"no_reject_in_first_layer, reject_in_manage",1,1,1,0,0,0,1,0,1,0,0,https://pttpdpa.pttplc.com/CookiesPolicy,1,Google Ads,0,0,
pttep.com,TELCO_UTIL,ok,1,0,,,,,,,,,,,,,,,,,,,,,,,,1,0,https://pttpdpa.pttplc.com/CookiesPolicy,1,,0,0,
bgrimm.com,TELCO_UTIL,เข้าไม่ได้,,,,,,,,,,,,,,,,,,,,,,,,,,,,,,,0,0,
gulf.co.th,TELCO_UTIL,ok,1,1,Right-bottom popup,optiwise,en,1,0,1,1,1,1,,2,0,1,"no_reject_in_first_layer, reject_in_manage",0,1,0,0,0,1,1,0,0,1,0,https://www.gulf.co.th/en/privacy-notice,1,CF + GA + Google Ads,0,1,
ea.co.th,TELCO_UTIL,เข้าไม่ได้,,,,,,,,,,,,,,,,,,,,,,,,,,,,,,,0,0,
banpu.com,TELCO_UTIL,ok,1,0,,,,,,,,,,,,,,,,,,,,,,,,,0,https://www.banpu.com/privacy-center/,1,MS + Google Ads,0,0,
gpscgroup.com,TELCO_UTIL,ok,1,0,Left Pannel,Onetrust,Th,0,0,0,0,1,0,,5,0,1,no_reject_in_first_layer,1,0,0,0,0,1,0,0,1,1,0,https://pdpa.gpscgroup.com/th,1,CF + GA + Google Ads,0,1,
ratch.co.th,TELCO_UTIL,ok,1,0,,,,,,,,,,,,,,,,,,,,,,,,,0,https://www.gpscgroup.com/th/cookie-policy,1,CF + GA + Google Ads,0,0,
egco.com,TELCO_UTIL,ok,0,1,bottom popup,Own,Th,1,0,1,1,1,1,,2,0,1,"no_reject_in_first_layer, reject_in_manage",0,1,0,0,0,1,1,0,0,1,0,https://www.doctoranywhere.co.th/privacy-policy,1,Google Ads + Prospect one,0,0,
https://www.bcpggroup.com/en/home,TELCO_UTIL,ok,0,1,Right-bottom popup,optiwise,en,0,0,1,0,1,0,,2,0,1,"no_reject_in_first_layer, reject_in_manage",0,0,0,0,0,1,1,0,0,1,0,https://www.bcpggroup.com/en/cookie-policy,1,Google Ads,0,0,
irpc.co.th,TELCO_UTIL,ok,0,1,left-bottom popup,Own,Th,0,0,1,0,1,0,,2,0,1,"no_reject_in_first_layer, reject_in_manage",0,1,0,1,0,1,1,0,0,1,0,https://pdpa.irpc.co.th/,1,Google Ads,0,0,
bts.co.th,TELCO_UTIL,ok,0,1,left-bottom popup,Own,Th,0,0,1,1,1,0,,2,0,1,"no_reject_in_first_layer, reject_in_manage",0,1,0,0,0,1,1,0,0,1,0,https://www.btsgroup.co.th/th/cookies-policy,1,Google Ads,0,0,
btsgroup.co.th,TELCO_UTIL,ok,1,1,bottom popup,Own,Th,1,0,1,0,0,0,,2,0,1,"no_reject_in_first_layer, reject_in_manage",0,1,0,0,0,0,0,0,0,1,0,https://www.btsgroup.co.th/th/cookies-policy,1,Google Ads,0,0,
bemplc.co.th,TELCO_UTIL,ok,0,1,bottom popup,Own,Th,1,0,0,0,1,0,,0,0,1,no_reject_in_first_layer,0,0,0,0,0,1,1,0,0,1,0,https://www.bemplc.co.th/cookiespolicy,1,GA + Google Ads,0,0,
mrta.co.th,TELCO_UTIL,ok,0,1,bottom popup,Own,Th,1,0,0,0,1,0,,0,0,1,no_reject_in_first_layer,0,0,0,0,0,1,1,0,0,1,0,https://www.mrta.co.th/th/privacy-policy?category_id=507,1,FB + Google Ads,0,0,
bmta.co.th,TELCO_UTIL,ok,1,1,bottom popup,Own,Th,0,0,1,0,1,0,,2,0,1,"no_reject_in_first_layer, reject_in_manage",0,1,1,1,0,0,1,0,1,1,0,https://www.bmta.co.th/privacy-policy,1,Google Ads,0,0,
railway.co.th,TELCO_UTIL,ok,1,1,bottom popup,Own,Th,1,1,1,1,1,1,,0,0,0,,0,1,1,1,1,1,1,0,0,1,0,https://www.railway.co.th/Home/Index,1,Google Ads,0,0,
port.co.th,TELCO_UTIL,ok,1,1,bottom popup,Own,Th,0,0,1,1,1,1,,2,0,0,,0,1,1,1,1,1,0,0,1,1,0,https://www.port.co.th/port/index.php/cookies-policy-2-2/,1,GA + Google Ads + GMPG,0,1,
https://www.exat.co.th/en/,TELCO_UTIL,ok,0,0,,,,,,,,,,,,,,,,,,,,,,,,,,,1,Wisecode,0,0,
tollway.co.th,TELCO_UTIL,ok,0,0,,,,,,,,,,,,,,,,,,,,,,,,,,,1,,0,0,
dmt.co.th,TELCO_UTIL,เข้าไม่ได้,0,,,,,,,,,,,,,,,,,,,,,,,,,,,,1,,0,0,
speedtest.net,TELCO_UTIL,ok,0,0,,,,,,,,,,,,,,,,,,,,,,,,,0,https://www.speedtest.net/about/privacy,1,Google Ads.+ Active Campign,0,0,
fast.com,TELCO_UTIL,ok,0,0,,,,,,,,,,,,,,,,,,,,,,,,,0,https://fast.com/,0,,0,1,
thairath.co.th,NEWS_MEDIA,ok,0,1,Left-bottom popup,Own,Th,1,0,1,0,1,0,,2,,1,"no_reject_in_first_layer, reject_in_manage",0,1,1,1,1,1,1,0,0,1,0,https://www.thairath.co.th/terms-condition,1,FB + Trade Desk + LiveRamp + Loathe + Live Intent + TransUnion + Nielsen + Bombora + GA + Google Ads + Wingify,0,0,
matichon.co.th,NEWS_MEDIA,ok,0,1,Left-bottom popup,Own,Th,1,0,0,0,1,0,,0,0,1,no_reject_in_first_layer,0,0,0,0,0,1,1,0,0,1,0,https://www.matichon.co.th/privacy-policy,1,CF +Quantcast + GA + LIine + Five Meida + cache network,0,0,
khaosod.co.th,NEWS_MEDIA,ok,0,1,Left-bottom popup,Own,Th,1,0,0,0,1,0,,0,0,1,no_reject_in_first_layer,0,0,0,0,0,1,1,0,0,1,0,https://www.matichon.co.th/privacy-policy,1,CF +Quantcast + GA + LIine + Five Meida + cache network,0,0,
dailynews.co.th,NEWS_MEDIA,ok,0,0,,,,,,,,,,,,,,,,,,,,,,,,,1,,0,FB + Pubmatic + Taboola + Skimbit + google Ads + GA + Anymind,0,0,
bangkokpost.com,NEWS_MEDIA,ok,0,1,bottom popup,Own,Th,1,0,0,0,1,0,,0,0,1,no_reject_in_first_layer,0,0,0,0,0,1,1,0,0,1,0,https://www.bangkokpost.com/policy/#privacy-policy,1,MS + GA + Google Ads,0,0,
nationthailand.com,NEWS_MEDIA,ok,0,1,Left-bottom popup,Own,Th,0,0,1,1,1,1,,2,0,0,,0,1,1,1,1,1,1,0,1,1,1,,1,GA + Google Ads,0,1,
prachachat.net,NEWS_MEDIA,ok,0,0,Left-bottom popup,Own,Th,1,0,0,0,1,0,,0,0,1,no_reject_in_first_layer,0,0,0,0,0,1,1,0,0,1,0,https://www.matichon.co.th/privacy-policy,1,CF + Quantcast + Intimate Merger + Google Ads + Line + Five Media + CacheNetworks,0,0,
thansettakij.com,NEWS_MEDIA,ok,0,1,Left-bottom popup,Own,Th,1,1,0,1,1,1,,2,0,1,"no_reject_in_first_layer, reject_in_manage",0,1,1,0,0,0,1,0,0,1,0,https://www.thansettakij.com/privacy-policy,1,Taboola + GA + Google Ads,0,0,
mgronline.com,NEWS_MEDIA,ok,0,1,bottom popup,Own,Th,1,0,0,0,1,0,,0,0,1,no_reject_in_first_layer,0,0,0,0,0,1,1,0,0,1,0,https://mgronline.com/privacy-policy,1,MS + FB + Verizon Media + Taboola + MediaMath + Google Ads,0,0,
siamrath.co.th,NEWS_MEDIA,ok,0,0,,,,,,,,,,,,,,,,,,,,,,,,,1,,1,Samilewants + MS + FB + Magnite + PubMactic + OpenX + SmartAdserver + Adtelligent + Google Ads + GA,0,0,
komchadluek.net,NEWS_MEDIA,ok,0,1,bottom popup,Own,Th,1,1,0,1,1,1,,2,0,1,"no_reject_in_first_layer, reject_in_manage",0,1,1,1,0,0,1,0,0,1,0,https://www.komchadluek.net/privacy-policy,1,Marfree + GA +Google Ads,0,1,
naewna.com,NEWS_MEDIA,ok,0,1,Center Popup,Own,Th,1,0,0,0,1,0,,0,0,1,no_reject_in_first_layer,0,0,0,0,0,1,1,1,0,1,0,https://www.naewna.com/policy,1,FB + PubMatic + Google Ads + AnyMind,0,0,
thaipost.net,NEWS_MEDIA,ok,0,1,bottom popup,Own,Th,1,0,1,1,1,0,,0,0,1,no_reject_in_first_layer,0,0,0,0,0,1,1,0,1,1,0,https://www.thaipost.net/privacy-policy/,1,Admiral + Google Ads + FB,0,0,
posttoday.com,NEWS_MEDIA,ok,0,1,Left-bottom popup,Own,Th,1,1,0,1,1,1,,2,0,1,"no_reject_in_first_layer, reject_in_manage",0,1,1,1,0,0,1,0,0,1,0,https://www.posttoday.com/privacy-policy,1,QuantCast + GA + Google Ads + Cachenetworks,0,0,
thethaiger.com,NEWS_MEDIA,ok,0,0,,,,,,,,,,,,,,,,,,,,,,,,,0,https://thethaiger.com/privacy,1,Admiral,0,0,
thaipbs.or.th,NEWS_MEDIA,ok,0,0,,,,,,,,,,,,,,,,,,,,,,,,,0,https://www.thaipbs.or.th/org/privacy-policy/,1,MS + FB + ByteDance + GA + Google Ads,0,0,
pptvhd36.com,NEWS_MEDIA,ok,0,1,Top popup,Own,Th,1,0,1,0,1,1,,2,0,1,"no_reject_in_first_layer, reject_in_manage",0,1,0,0,0,1,0,0,1,1,0,https://www.pptvhd36.com/term,1,FB + Prospec One + GA + Google Ads + IG,0,0,
amarintv.com,NEWS_MEDIA,ok,0,1,Top popup,Own,Th,1,0,1,0,1,1,,5,0,1,"no_reject_in_first_layer, reject_in_manage",1,1,1,1,1,1,1,0,0,1,0,https://www.amarintv.com/cookie-consent,1,CF + FB + Google Ads,0,0,
tnnthailand.com,NEWS_MEDIA,ok,0,1,bottom popup,Own,Th,1,1,0,0,1,1,,0,0,0,,0,0,0,0,0,1,0,0,1,1,0,https://www.tnnthailand.com/privacypolicy/,1,FB + GA + Google Ads + CF,0,0,
workpointtoday.com,NEWS_MEDIA,ok,0,0,,,,,,,,,,,,,,,,,,,,,,,,,0,https://www.workpointtoday.com/workpoint-privacy-policy,1,,0,0,
workpointtv.com,NEWS_MEDIA,ok,0,1,bottom popup,Own,Th,1,0,0,0,1,0,,0,0,1,no_reject_in_first_layer,0,0,0,0,0,1,1,0,1,1,0,https://www.workpointtv.com/workpoint-cookies-policy,1,CF + FB + Amazon + PubMatic + Smartadserver + The Niesen + google Ads + GA + Anymind,0,1,
ch3thailand.com,NEWS_MEDIA,ok,0,1,bottom popup,Own,Th,1,0,0,0,1,0,,0,0,1,no_reject_in_first_layer,0,0,0,0,0,1,1,0,0,1,0,https://ch3plus.com/cookie-policy,1,MS + FB + Trade Desk + Pub Matic + Twitter + Nielsen + Google Ads + GA,0,1,
ch7.com,NEWS_MEDIA,ok,1,1,bottom popup,Own,Th,1,0,0,0,1,0,,0,0,1,no_reject_in_first_layer,0,0,0,0,0,1,1,0,0,1,0,https://www.ch7.com/cookie-policy,1,FB + Trade Desk + ComScore + WPP + Google Ads + GA + Wingfy,0,1,
one31.net,NEWS_MEDIA,ok,1,1,Left Pannel,Onetrust,Th,0,0,0,0,1,0,,5,0,1,no_reject_in_first_layer,1,0,0,0,0,1,0,0,1,1,0,https://one31.net/privacy,1,FB + Bytedance + Twitter + Google Ads,0,1,
https://mono29.com/livetv,NEWS_MEDIA,ok,0,1,bottom popup,Own,Th,1,0,0,0,1,0,,0,0,1,no_reject_in_first_layer,0,0,0,0,0,1,1,0,0,1,0,https://mono29.com/livetv,1,FB + Amazon + PubMatic + Nielsen + GA + Google Ads + MGID + AnyMind,0,1,
tna.mcot.net,NEWS_MEDIA,ok,0,1,bottom popup,Own,Th,1,0,0,0,1,0,,0,0,1,no_reject_in_first_layer,0,0,0,0,0,1,1,0,0,1,0,https://tna.mcot.net/tna/th/term-and-condition,1,MS + Intimate Merger + Google Ads + Line,0,1,
mcot.net,NEWS_MEDIA,ok,1,1,bottom popup,Own,Th,1,0,0,0,1,0,,0,0,1,no_reject_in_first_layer,0,0,0,0,0,1,1,0,0,1,1,,1,FB + MS + Google Ads,0,1,
springnews.co.th,NEWS_MEDIA,ok,0,1,left-bottom popup,Own,Th,0,0,1,0,1,1,,2,0,1,"no_reject_in_first_layer, reject_in_manage",0,1,1,0,0,1,1,0,0,1,1,,1,GA + Google Ads,0,1,
voicetv.co.th,NEWS_MEDIA,ok,0,1,bottom popup,Own,Th,1,0,0,0,1,0,,0,0,1,no_reject_in_first_layer,0,0,0,0,0,1,1,0,0,1,1,,1,CF + PubMatic + Taboola + Piano Software + Google Ads + GA,0,0,
thestandard.co,NEWS_MEDIA,ok,0,0,,,,,,,,,,,,,,,,,,,,1,,,,,0,https://thestandard.co/privacy-policy/,1,FB + Twitter + Google Ads + GA,0,0,
today.line.me,NEWS_MEDIA,ok,0,0,,,,,,,,,,,,,,,,,,,,1,,,,0,0,https://privacy.linepluscorp.com/info/privacypolicy/th,1,FB + GA + Google Ads,0,0,
sanook.com,NEWS_MEDIA,ok,0,1,Right-bottom popup,Own,Th,1,0,1,0,1,0,,2,0,1,"no_reject_in_first_layer, reject_in_manage",0,1,1,1,1,1,1,0,0,1,0,https://www.sanook.com/cookiepolicy/,1,FB + PubMatic + Criteo + comScore + Taboola + New Relic + GA + Google Ads,0,1,
kapook.com,NEWS_MEDIA,ok,0,1,Right-bottom popup,Own,Th,1,0,0,0,1,0,,0,0,1,no_reject_in_first_layer,0,0,0,0,0,1,1,0,0,1,0,https://account.kapook.com/privacy,1,PubMatic + TaBoola + Google Ads,0,1,
trueid.net,NEWS_MEDIA,ok,0,0,,,,,,,,,,,,,,,,,,,,1,,,,,0,https://www.trueid.net/th-th/privacy,1,Google Ads,0,0,
beartai.com,NEWS_MEDIA,ok,0,0,,,,,,,,,,,,,,,,,,,,1,,,,,0,,1,Google Ads + CF + Amazon + Pubmatic + Automattic + Anymind,0,0,
dek-d.com,NEWS_MEDIA,ok,0,1,bottom popup,Own,Th,1,0,0,0,1,0,,0,0,1,no_reject_in_first_layer,0,0,0,0,0,1,1,0,0,1,0,https://www.dek-d.com/policy/#cookies,1,FB + Trade Desk + ByteDance + Google Ads,0,1,
pantip.com,NEWS_MEDIA,ok,0,1,bottom popup,Own,Th,1,0,0,0,1,0,,0,0,1,no_reject_in_first_layer,0,0,0,0,0,1,1,0,0,1,0,https://pantip.com/about/privacy,1,Google Ads,0,0,
topnews.co.th,NEWS_MEDIA,ok,1,1,bottom popup,Own,Th,1,0,0,0,1,0,,0,0,1,no_reject_in_first_layer,0,0,0,0,0,1,1,0,0,1,0,https://www.topnews.co.th/privacy-policy,1,CF + Google Ads,0,1,
isranews.org,NEWS_MEDIA,ok,0,0,,,,,,,,,,,,,,,,,,,,1,,,,,0,,1,FB + CF + Taboola + Google Ads + GA + Five Media + AnyMind,0,0,
bangkokbiznews.com,NEWS_MEDIA,ok,0,1,left-bottom popup,Own,Th,0,0,1,0,1,1,,2,0,1,"no_reject_in_first_layer, reject_in_manage",0,1,1,0,0,1,1,0,0,1,0,https://www.bangkokbiznews.com/privacy-policy,1,FB + CF + Google Ads + GA + MS,0,1,
brandinside.asia,NEWS_MEDIA,ok,0,0,,,,,,,,,,,,,,,,,,,,1,,,,,1,,1,FB + Automattic + Google Ads,0,0,
techsauce.co,NEWS_MEDIA,ok,0,1,bottom popup,Own,Th,1,0,1,0,1,0,,0,0,1,no_reject_in_first_layer,0,1,1,0,0,1,1,0,0,1,0,https://techsauce.co/privacy-policy,1,Google Ads,0,0,
droidsans.com,NEWS_MEDIA,ok,0,0,,,,,,,,,,,,,,,,,,,,1,,,,,0,https://droidsans.com/privacy-policy/,1,Automattic + Google Ads,0,0,
thisrupt.co,NEWS_MEDIA,ok,0,0,,,,,,,,,,,,,,,,,,,,1,,,,,1,,,FB,0,0,
themomentum.co,NEWS_MEDIA,ok,0,0,,,,,,,,,,,,,,,,,,,,1,,,,,1,,1,FB + Smartadserver + comScore + Intuit + Google Ads + GA,0,0,
thestandardwealth.com,NEWS_MEDIA,เข้าไม่ได้,0,0,,,,,,,,,,,,,,,,,,,,,,,,,,,,,,,
siamzone.com,NEWS_MEDIA,ok,0,0,,,,,,,,,,,,,,,,,,,,1,,,,,0,https://www.siamzone.com/info/privacy.php,1,FB + Google Ads,0,0,
thaich8.com,NEWS_MEDIA,ok,0,1,bottom popup,Own,Th,1,1,0,0,1,1,,0,0,0,,0,0,0,0,0,1,1,0,0,1,0,https://www.thaich8.com/privacy,1,FB + Amazon + Nielsen + Google Ads + GA + AnyMind + Relay42,0,1,
news1005.fm,NEWS_MEDIA,เข้าไม่ได้,,,,,,,,,,,,,,,,,,,,,,,,,,,,,,,,,
innews.news,NEWS_MEDIA,ok,0,0,,,,,,,,,,,,,,,,,,,,1,,,,,0,,1,FB + Google Ads,0,0,
shopee.co.th,ECOM_RETAIL,ok,0,0,,,,,,,,,,,,,,,,,,,,1,,,,,0,https://help.shopee.co.th/portal/4/article/77248,1,FB + Google Ads + GA,0,0,
lazada.co.th,ECOM_RETAIL,ok,0,0,,,,,,,,,,,,,,,,,,,,0,,,,,0,https://pages.lazada.co.th/wow/gcp/route/lazada/th/upr_1000345_lazada/channel/th/upr-router/th?spm=a2o4m.homepage.footer_top.11.112521d5dmzSGM&hybrid=1&data_prefetch=true&prefetch_replace=1&at_iframe=1&wh_pid=/lazada/channel/th/legal/nFQ6ycyNJx,0,Alibaba ,0,0,
jd.co.th,ECOM_RETAIL,เข้าไม่ได้,,,,,,,,,,,,,,,,,,,,,,,,,,,,,,,0,0,
central.co.th,ECOM_RETAIL,ok,0,1,bottom popup,Own,Th,1,0,0,0,1,0,,0,0,1,no_reject_in_first_layer,0,0,0,0,0,1,1,0,0,1,0,https://www.central.co.th/th/cookie-policy,1,CF + FB + Criteo + RTB House + Google Ads + Braze + Branch Metrics,0,0,
powerbuy.co.th,ECOM_RETAIL,ok,0,1,bottom popup,Own,Th,1,0,0,0,1,0,,0,0,1,no_reject_in_first_layer,0,0,0,0,0,1,1,0,0,1,1,https://www.powerbuy.co.th/page/cookie-policy,1,MS + CF + FB + RTB House + Google Ads + Braze,0,0,
tops.co.th,ECOM_RETAIL,ok,0,1,bottom popup,Own,Th,1,0,0,0,1,0,,0,0,1,no_reject_in_first_layer,0,0,0,0,0,1,1,0,0,1,0,https://www.tops.co.th/th/page/cookie-policy,1,CF + FB + Criteo + RTB House + Google Ads + Braze + AppsFlyer,0,0,
bigc.co.th,ECOM_RETAIL,ok,0,0,,,,,,,,,,,,,,,,,,,,1,,,,,0,https://www.bigc.co.th/p/bigc-online-privacy-policy,1,Optimise + CF + FB + RTB House + ByteDance + Twitter + Taboola + GA + Google Ads + MGID,0,0,
lotuss.com,ECOM_RETAIL,ok,0,,bottom popup,Skilltide,Th,1,1,1,0,1,1,,0,0,0,,0,1,1,0,0,1,1,0,0,1,0,https://www.cpaxtra.com/th/personal-data-protection-policy,1,FB + Criteo + RTB House + ByteDance + New Relic + Saleforce + GA + Google Ads + AppsFlyer,0,1,
makro.pro,ECOM_RETAIL,ok,0,0,,,,,,,,,,,,,,,,,,,,1,,,,,0,https://www.cpaxtra.com//th/cookies-policy,1,FB + Criteo + RTB House + ByteDance + AppFlyer,0,0,
homepro.co.th,ECOM_RETAIL,ok,0,0,,,,,,,,,,,,,,,,,,,,1,,,,,0,https://www.homepro.co.th/cookies-policy,1,FB + RTB House + ByteDance + ContentSqaure + Google Ads + Braze,0,0,
globalhouse.co.th,ECOM_RETAIL,ok,0,0,,,,,,,,,,,,,,,,,,,,1,,,,,0,https://globalhouse.co.th/about/privacy-policy,1,CF + GA + Google Ads,0,0,
thaiwatsadu.com,ECOM_RETAIL,ok,0,1,bottom popup,Own,Th,1,0,0,1,1,0,,0,0,1,no_reject_in_first_layer,0,0,0,0,0,1,1,0,0,1,0,https://www.thaiwatsadu.com/th/page/CookiePolicy,1,FB + MS + CF + RTB House + GA + Google Ads,0,0,ยอมรับอย่างเดียว
indexlivingmall.com,ECOM_RETAIL,ok,0,1,bottom popup,Own,Th,1,0,1,1,1,0,,0,0,1,no_reject_in_first_layer,0,0,0,0,0,1,1,0,0,1,0,https://www.indexlivingmall.com/cookie-policy,1,FB + MS + RTB House + GA + Google Ads,0,0,มีทุกอย่าง
sbdesignsquare.com,ECOM_RETAIL,ok,0,1,bottom popup,Own,Th,1,1,1,1,1,1,,0,0,0,,0,1,1,0,0,1,1,0,0,1,0,https://www.sbdesignsquare.com/cookie-policy-th,1,FB + RTB house + Google Ads + GA,0,1,
www.bnnit.co.th,ECOM_RETAIL,ok,0,1,bottom popup,Own,Th,1,0,1,1,1,0,,2,0,1,"no_reject_in_first_layer, reject_in_manage",0,1,1,0,0,1,1,0,0,1,0,https://www.comseven.com/th/pdpa/privacypolicy/,1,MS + FB + Criteo + RTB House + ByteDance + Hotter + Google Ads + GA + MGID + Braze + MouseFlow,0,0,
advice.co.th,ECOM_RETAIL,ok,0,1,bottom popup,Own,Th,1,1,0,1,1,0,,2,0,1,"no_reject_in_first_layer, reject_in_manage",1,1,1,0,0,1,1,0,0,1,0,https://www.advice.co.th/cookie-setting,1,MS + CF + FB + ByteDance + Ahrefs + GA + Google Ads + Dual Tech,0,1,
https://www.itcity.in.th/,ECOM_RETAIL,ok,0,1,bottom popup,Own,Th,1,0,1,1,1,0,,2,0,1,"no_reject_in_first_layer, reject_in_manage",0,0,0,0,0,1,1,0,0,1,0,https://www.itcity.in.th/help/cookie-policy,1,,0,0,
nocnoc.com,ECOM_RETAIL,ok,0,0,,,,,,,,,,,,,,,,,,,,,,,,,0,,1,MS + FB + Criteo + RTB House + ByteDance + Twitter + Hotter + GA + Google Ads,0,1,
konvy.com,ECOM_RETAIL,ok,0,1,bottom popup,Own,Th,1,0,0,1,1,0,,0,0,1,no_reject_in_first_layer,0,0,0,0,0,1,1,0,0,1,0,https://www.konvy.com/about/help.php?p=Cookie Policy,1,FB + Criteo + ByteDance + Twitter + Google Ads + GA,0,0,
jib.co.th,ECOM_RETAIL,ok,0,1,right-bottom popup,Reddot,Th,1,1,1,1,1,0,,2,0,1,"no_reject_in_first_layer, reject_in_manage",0,1,0,0,0,0,,0,1,1,0,https://www.jib.co.th/web/file/pdf/cookies.pdf,1,CF + FB + Hotter + Google Ads + GA,0,1,
officemate.co.th,ECOM_RETAIL,ok,0,1,bottom popup,Own,Th,1,0,0,1,1,0,,0,0,1,no_reject_in_first_layer,0,0,0,0,0,1,1,0,0,1,0,https://www.ofm.co.th/activity/cookiepolicy,1,FB + Criteo + RTB House + ByteDance + Hotter + Google Ads + GA + Braze + Optimise Media,0,0,
b2s.co.th,ECOM_RETAIL,ok,0,1,bottom popup,Own,Th,1,0,0,1,1,0,,0,0,1,no_reject_in_first_layer,0,0,0,0,0,1,1,0,0,1,0,https://www.b2s.co.th/activity/cookie-policy,1,MS + FB + Hotter + google Ads + GA + Braze + Optimise Media,0,0,
kingpower.com,ECOM_RETAIL,ok,0,0,,,,,,,,,,,,,,,,,,,,,,,,,,,1,Google Ads + Admachine,0,0,
allonline.7eleven.co.th,ECOM_RETAIL,ok,0,1,bottom popup,Own,Th,1,0,0,1,1,0,,0,0,1,no_reject_in_first_layer,0,0,0,0,0,1,1,0,0,1,0,https://www.7eleven.co.th/cookie,1,FB + Bytedance + Hotjar + GA + Google Ads + Appsflyer + Optimise Media,0,1,
7eleven.co.th,ECOM_RETAIL,ok,0,1,bottom popup,Own,Th,1,0,0,1,1,0,,0,0,1,no_reject_in_first_layer,0,0,0,0,0,1,1,0,0,1,0,https://allonline.7eleven.co.th/service//help/cookies/,1,FB + onesignal + Google Ads,0,1,
foodpanda.co.th,ECOM_RETAIL,ok,0,0,,,,,,,,,,,,,,,,,,,,,,,,,,,1,Google Ads + CF,0,0,
grab.com,ECOM_RETAIL,ok,0,1,bottom popup,Own,Th,0,0,1,1,1,1,,0,0,0,,1,1,1,0,0,1,1,0,0,1,0,https://www.grab.com/th/terms-policies/privacy-notice/,1,Google Ads,0,0,
https://lmwn.com/,ECOM_RETAIL,ok,0,0,,,,,,,,,,,,,,,,,,,,1,,,,,,,1,Google Ads + Automattic,0,0,
https://www.wongnai.com/,ECOM_RETAIL,ok,0,1,bottom popup,Own,Th,1,0,1,1,1,0,,2,0,1,"no_reject_in_first_layer, reject_in_manage",1,1,1,0,0,1,1,0,0,1,0,https://www.wongnai.com/pages/privacy,1,FB + Twitter + Crazy Egg + Google Ads + GA,0,1,
robinhood.co.th,ECOM_RETAIL,ok,0,1,bottom popup,Own,Th,1,0,1,1,1,0,,0,1,1,no_reject_in_first_layer,0,0,0,0,0,0,1,0,0,0,0,https://www.robinhood.co.th/th/cookie-policy,0,Google Ads,0,0,
gojek.com,ECOM_RETAIL,ok,0,0,,,,,,,,,,,,,,,,,,,,1,,,,1,0,,1,Google Ads,0,0,
hungryhub.com,ECOM_RETAIL,ok,0,0,,,,,,,,,,,,,,,,,,,,1,,,,1,0,https://blog.hungryhub.com/en/privacy-policy-pdpa-compliance/,1,MS + CF + FB + ByteDance + Twitter + Google Ads,0,0,
makroclick.com,ECOM_RETAIL,ok,0,0,,,,,,,,,,,,,,,,,,,,,,,,1,0,https://www.cpaxtra.com//th/cookies-policy,1,FB + Criteo + RTB House + ByteDance + AppFlyer,0,0,
kaidee.com,ECOM_RETAIL,ok,0,1,bottom popup,Own,Th,1,1,1,0,1,1,,3,0,1,"no_reject_in_first_layer, reject_in_manage",1,1,1,0,0,1,1,0,0,1,0,https://support.kaidee.com/hc/th/articles/6587195621267-นโยบายการใช-คุกกี-Cookie-Policy,1,FB + Google Ads,0,0,
tarad.com,ECOM_RETAIL,ok,0,1,bottom popup,Own,Th,1,0,1,1,1,0,,2,0,1,"no_reject_in_first_layer, reject_in_manage",0,1,1,0,0,1,1,0,0,1,0,https://www.tarad.com/corp/cookies,1,GA + Google Ads,0,0,
priceza.com,ECOM_RETAIL,ok,0,1,bottom popup,Own,Th,1,0,0,0,1,0,,0,1,1,no_reject_in_first_layer,0,0,0,0,0,1,1,0,0,0,0,https://www.priceza.com/terms-and-conditions,1,FB + Bytedance + Taboola + Google Ads + GA,0,0,
pomelofashion.com,ECOM_RETAIL,ok,0,1,bottom popup,Own,Th,1,0,1,1,1,1,,2,0,1,"no_reject_in_first_layer, reject_in_manage",0,1,1,0,0,1,1,0,0,1,0,https://pomelofashion.com/th/th/info/cookies-setting,1,Criteo + ByteDance + Twitter + GA + Brance Metrics,0,0,
aliexpress.com,ECOM_RETAIL,ok,0,0,,,,,,,,,,,,,,,,,,,,,,,,1,0,https://campaign.aliexpress.com/wow/gcp/app-redirect-terms/index?spm=a2g0o.home.0.0.48981c40uHWdFd,1,MS + FB + Criteo + RTB House + Taboola +Google Ads ,0,0,
amazon.com,ECOM_RETAIL,ok,0,0,,,,,,,,,,,,,,,,,,,,1,,,,1,0,https://www.amazon.com/gp/help/customer/display.html?nodeId=GX7NJQ4ZB8MHFRNJ&ref_=footer_privacy,0,-,0,0,
ebay.com,ECOM_RETAIL,ok,0,0,,,,,,,,,,,,,,,,,,,,0,,,,1,0,https://www.ebay.com/help/policies/member-behaviour-policies/ebay-cookie-notice?id=4267,1,FB + Crieo + Reddit + Snap + Google Ads,0,0,
etsy.com,ECOM_RETAIL,ok,0,0,,,,,,,,,,,,,,,,,,,,1,,,,1,0,https://www.etsy.com/legal/privacy/?ref=ftr,1,FB + MS + Awin + AppLovin + Google Ads + Axon Enterprise + iSpot,0,0,
supersports.co.th,ECOM_RETAIL,ok,0,1,bottom popup,Own,Th,1,0,0,1,1,0,,0,0,1,no_reject_in_first_layer,0,0,0,0,0,1,1,0,0,1,0,https://www.supersports.co.th/pages/cookie-policy,1,MS + FB + Criteo + RTB House + Google Ads + GA + Braze,0,0,
centralgroup.com,ECOM_RETAIL,ok,0,1,bottom popup,Optiwise,Th,1,0,0,1,1,0,,2,1,1,"no_reject_in_first_layer, reject_in_manage",0,1,1,0,0,1,1,0,0,0,0,https://www.centralgroup.com/en/cookie-policy,1,FB + GA + Google Ads (ปิดได้บางส่วน),0,0,
decathlon.co.th,ECOM_RETAIL,ok,0,1,bottom popup,Own,Th,1,0,1,1,1,0,,0,0,1,no_reject_in_first_layer,0,0,0,0,0,1,1,0,0,1,0,https://www.decathlon.co.th/s/privacy-policy,1,FB + Criteo + RTB House + ByteDance + Hotter + Google Ads + Amplitude + Medailia,0,0,
ikea.com,ECOM_RETAIL,ok,0,0,,,,,,,,,,,,,,,,,,,,0,,,,,0,,0,,0,0,
sephora.co.th,ECOM_RETAIL,ok,0,0,,,,,,,,,,,,,,,,,,,,1,,,,,0,https://www.sephora.co.th/privacy,1,FB + Akamai + New Relic + GA + Google Ads,0,0,
unilever.co.th,ECOM_RETAIL,ok,0,0,,,,,,,,,,,,,,,,,,,,,,,,,,,1,Google Ads,0,0,
nestle.co.th,ECOM_RETAIL,ok,0,1,Left-bottom button,Own,Th,0,0,1,0,1,1,,2,0,1,"no_reject_in_first_layer, reject_in_manage",0,1,1,0,0,1,1,0,0,1,0,https://www.unilever.co.th/,1,GA,0,1,
apple.com,ECOM_RETAIL,ok,0,0,,,,,,,,,,,,,,,,,,,,0,,,,,,https://www.apple.com/legal/privacy/,0,-,0,0,
tourismthailand.org,TRAVEL_SERVICES,ok,0,1,bottom popup,Own,Th,1,0,1,1,1,1,,2,0,1,"no_reject_in_first_layer, reject_in_manage",0,1,1,0,0,1,0,0,0,1,0,https://www.tourismthailand.org/Information/Cookie-Policy,1,FB,0,0,
airportthai.co.th,TRAVEL_SERVICES,เข้าไม่ได้,,,,,,,,,,,,,,,,,,,,,,,,,,,,,,,0,0,
suvarnabhumiairport.com,TRAVEL_SERVICES,เข้าไม่ได้,,,,,,,,,,,,,,,,,,,,,,,,,,,,,,,0,0,
donmueangairport.com,TRAVEL_SERVICES,เข้าไม่ได้,0,0,,,,,,,,,,,,,,,,,,,,,,,,,,,,,0,0,
transport.co.th,TRAVEL_SERVICES,ok,1,0,,,,,,,,,,,,,,,,,,,,1,,,,1,1,,1,AddToAny + Google Ads,0,0,
railway.co.th,TRAVEL_SERVICES,ok,1,0,,,,,,,,,,,,,,,,,,,,,,,,1,0,https://srtpdpa.railway.co.th/privacy-notice/cookies-policy/,1,Google Ads,0,0,
thaiairways.com,TRAVEL_SERVICES,ok,0,0,,,,,,,,,,,,,,,,,,,,,,,,1,0,https://www.thaiairways.com/en-th/content/cookie-notice/,1,FB + Saleforce + Google Ads,0,0,
bangkokair.com,TRAVEL_SERVICES,ok,0,0,Left-bottom button,Onetrust,EN,0,0,1,0,1,1,,2,0,1,"no_reject_in_first_layer, reject_in_manage",0,1,1,0,0,1,1,0,0,1,0,https://www.bangkokair.com/cookie-policy,1,FB + Adobe + ByteDance + Rakuten + GA + Google Ads,0,1,
nokair.com,TRAVEL_SERVICES,ok,0,0,,,,,,,,,,,,,,,,,,,,,,,,1,0,https://content.nokair.com/en/Terms/Privacy-policy.aspx,1,FB + Saleforce + Google Ads,0,0,
airasia.com,TRAVEL_SERVICES,ok,0,0,,,,,,,,,,,,,,,,,,,,,,,,1,0,https://www.airasia.com/aa/about-us/th/th/terms-of-use.html,1,MS + CF + FB + Google Ads + GA,0,0,
lionairthai.com,TRAVEL_SERVICES,ok,0,0,,,,,,,,,,,,,,,,,,,,,,,,1,0,,1,Google Ads,0,0,
vietjetair.com,TRAVEL_SERVICES,ok,0,1,bottom popup,Own,Th,1,0,0,1,1,0,,0,0,1,no_reject_in_first_layer,0,0,0,0,0,1,1,0,0,1,0,https://th.vietjetair.com/page/cookie-policy,1,FB + Twitter + GA + Google Ads + Line + WarnerMedia,0,0,
http://qatarairways.com/,TRAVEL_SERVICES,ok,0,0,,,,0,0,0,0,1,0,,,,1,"no_reject_in_first_layer, reject_in_manage",0,1,1,0,0,1,1,0,0,0,0,https://www.qatarairways.com/en/legal/cookie-policy.html,1,MS + FB + Amazon + RTB House + ByteDance +Twitter + Akamai + Snap + Impact + Quantum Metric + Quora,0,0,
singaporeair.com,TRAVEL_SERVICES,ok,0,1,bottom popup,Own,Th,1,0,0,1,1,0,,0,0,1,no_reject_in_first_layer,0,0,0,0,0,1,1,0,0,1,0,https://www.singaporeair.com/en_UK/global-footer/cookies-policy/,1,MS + FB + Amazon + Trade Desk + Verizon MEdia + Ourbrain + Quantcast + ByteDance + Twitter + Taboola + Akamai,0,0,
emirates.com,TRAVEL_SERVICES,ok,0,0,,,,0,0,0,0,,,,,,,,,1,1,0,0,1,,,,,0,https://www.emirates.com/th/english/information/cookie-policy/,1,ByteDance + Google Ads,0,0,
cathaypacific.com,TRAVEL_SERVICES,ok,0,1,bottom popup,Own,Th,0,0,0,1,0,0,,0,0,1,no_reject_in_first_layer,0,0,0,0,0,1,1,0,0,1,0,https://www.cathaypacific.com/cx/th_TH/legal-and-privacy/cookies-policy.html,1,Akamai + Optimizely + Google Ads + QUantum Metric + Branch Metrics,0,0,
agoda.com,TRAVEL_SERVICES,ok,0,0,,,,0,0,0,0,,,,,,,,,,,,,1,,,,,0,https://www.agoda.com/en-gb/info/privacy.html#cookies,1,FB + MS + Criteo + Taboola + Google Ads + GA + LINE,0,0,
booking.com,TRAVEL_SERVICES,ok,0,0,,,,,,,,,,,,,,,,,,,,1,,,,,0,https://www.booking.com/content/privacy.en-gb.html?aid=304142&label=gen173nr-10CAEoggI46AdICVgEaN0BiAEBmAEzuAEHyAEN2AED6AEB-AEBiAIBqAIBuALZn9TNBsACAdICJDBiNTNkY2Q5LTkzY2UtNDFjNS04N2U3LWFiZDRhYTk2YzBmOdgCAeACAQ&sid=32a38b220a2d33ac51dd0751c92a9218,1,LINE + MS + Trade Desk + Crete + Google Ads,0,0,
trip.com,TRAVEL_SERVICES,ok,0,0,,,,,,,,,,,,,,,,,,,,1,,,,,0,,1,Twitter + GA + Google Ads,0,0,
traveloka.com,TRAVEL_SERVICES,ok,0,0,,,,,,,,,,,,,,,,,,,,1,,,,,0,https://th.trip.com/contents/service-guideline/privacy-policy.html?locale=en-TH&curr=THB,1,Line + Criteo + RTB House + ByteDance + Reddit + ContentSqaure + Amplitude + Google Ads + GA ,0,0,
klook.com,TRAVEL_SERVICES,ok,0,1,bottom popup,Own,Th,0,0,0,1,0,0,,0,0,1,no_reject_in_first_layer,0,0,0,0,0,1,1,0,0,1,0,,1,MS + Verizon + ByteDance + Twitter + GA+ Google Ads + Line,0,0,
airbnb.com,TRAVEL_SERVICES,ok,0,0,,,,,,,,,,,,,,,,,,,,1,,,,1,0,https://www.airbnb.com/help/article/2855,1,Trade Desk + Google Ads,0,0,
skyscanner.net,TRAVEL_SERVICES,ok,0,0,,,,,,,,,,,,,,,,,,,,1,,,,1,0,https://www.skyscanner.co.th/media/cookie-policy,1,Akamai + New Relic + Google Ads + GA + Mixpanel,0,0,
expedia.com,TRAVEL_SERVICES,ok,0,0,,,,0,0,1,1,1,,,,,,,,1,1,0,0,1,,,,1,0,https://www.expedia.com/legal/cookies,1,MS + FB + Akamai + Google Ads + Quantum Metric,0,0,
getyourguide.com,TRAVEL_SERVICES,ok,0,0,,,,,,,,,,,,,,,,,,,,1,,,,1,1,,1,MS + CF + FB + Criteo + RTB House + HotJar + Google Ads,0,1,
flightradar24.com,TRAVEL_SERVICES,ok,0,0,,,,,,,,,,,,,,,,,,,,1,,,,1,0,https://www.flightradar24.com/privacy-policy,1,Amazon + McCann + Google Ads + Aditude,0,0,
centarahotelsresorts.com,TRAVEL_SERVICES,ok,0,0,,,,,,,,,,,,,,,,,,,,1,,,,1,0,https://www.centarahotelsresorts.com/privacy-policy,1,FB + CF + Criteo + ByteDance + Hotter + AdRoll +Awin + Google Ads + Line + cookie-script,0,0,
dusit.com,TRAVEL_SERVICES,ok,0,0,,,,,,,,,,,,,,,,,,,,1,,,,1,0,https://www.dusit.com/cookie-declaration/,1,MS + FB + Quantcast + Google Ads + GA + Line,0,0,
minorhotels.com,TRAVEL_SERVICES,ok,0,0,,,,,,,,,,,,,,,,,,,,1,,,,1,0,https://www.minorhotels.com/en/cookie-policy,1,FB + CF + ByteDance + Google Ads + AB Tasty,0,0,
onyx-hospitality.com,TRAVEL_SERVICES,ok,0,0,,,,,,,,,,,,,,,,,,,,1,,,,1,0,https://www.onyx-hospitality.com/privacy-policy,1,FB + Google Ads + Knorex,0,0,
anantara.com,TRAVEL_SERVICES,ok,0,1,bottom popup,Own,Th,0,0,0,1,0,0,,0,0,1,no_reject_in_first_layer,0,0,0,0,0,1,1,0,0,1,0,https://www.anantara.com/en/cookie-policy,1,CF + Google Ads + AB Testy,0,0,
avani.com,TRAVEL_SERVICES,เข้าไม่ได้,,,,,,,,,,,,,,,,,,,,,,,,,,,,,,,,,
marriott.com,TRAVEL_SERVICES,ok,0,0,,,,0,0,0,0,,,,,,,,,1,1,0,0,1,,,,1,0,,1,FB + FullStory + Mediallia + Dynatrace + Blue Triangle,0,0,
hilton.com,TRAVEL_SERVICES,ok,0,0,,,,,,,,,,,,,,,,,,,,1,,,,1,0,https://www.hilton.com/en/p/global-privacy-statement/,1,MS + FB + Trade Desk + Amazon + Adobe + Verizon Media + Quantcast + Teads + taboola + Akamai + Ogury + Snap + Awin + Rakuten + google Ads + Sojern + Branch Metrics + Treasure Data + Movable Ink,0,0,
ihg.com,TRAVEL_SERVICES,ok,0,0,,,,,,,,,,,,,,,,,,,,1,,,,1,0,https://www.ihg.com/content/th/th/customer-care/privacy-and-cookie-center,1,MS + FB + Verizon Media + QuantCast + Salesforce + Google Ads + Movable Ink,0,0,
accor.com,TRAVEL_SERVICES,ok,0,0,,,,,,,,,,,,,,,,,,,,1,,,,1,0,https://group.accor.com/en/our-cookies-policy,1,MS + Silver Lake + Google Ads + imcix + cookie law,0,0,
lomprayah.com,TRAVEL_SERVICES,ok,0,0,,,,,,,,,,,,,,,,,,,,1,,,,1,1,,1,FB + Byte Dance + GA + Google Ads,0,0,
seatranferry.com,TRAVEL_SERVICES,ok,0,0,,,,,,,,,,,,,,,,,,,,1,,,,1,0,http://seatranferry.com/privacy_policy,1,CF + GA,0,0,
phuketferry.com,TRAVEL_SERVICES,ok,0,1,Left-bottom button,Cookiebot,EN,0,0,1,0,1,1,,2,0,1,"no_reject_in_first_layer, reject_in_manage",0,1,1,0,0,1,1,0,0,1,0,https://www.phuketferry.com/cookie-policy.html,1,CF + Zendesk + Cookiebot,0,0,
12go.asia,TRAVEL_SERVICES,ok,0,0,,,,,,,,,,,,,,,,,,,,1,,,,1,0,https://12go.asia/en/privacy-policy,1,MS + Google Ads,0,0,
thairentacar.com,TRAVEL_SERVICES,ok,0,0,,,,,,,,,,,,,,,,,,,,1,,,,1,0,https://thairentacar.com/cookie-policy/,,Google Ads,0,0,
avisthailand.com,TRAVEL_SERVICES,ok,0,0,,,,,,,,,,,,,,,,,,,,1,,,,1,0,https://avisthailand.com/privacy__AndPolicy.php,1,GA + Google Ads,0,0,
budget.co.th,TRAVEL_SERVICES,ok,0,0,,,,,,,,,,,,,,,,,,,,1,,,,1,0,https://budget.co.th/privacy-center.html,1,FB + Google Ads + GA,0,0,
airportels.asia,TRAVEL_SERVICES,ok,0,0,,,,,,,,,,,,,,,,,,,,1,,,,1,0,https://www.airportels.asia/terms-and-conditions/privacy-policy/,1,CF + Google Ads,0,0,